-- 1. sistema 
INSERT INTO produccion_academica.sistema(id, nombre, codigo_abreviacion, referencia, activo, fecha_creacion, fecha_modificacion) VALUES (1,'Docencia','D','{"Sistema":"1", "Dependencia":"Docencia"}', 'true', now(), now());

-- 2. tipo produccion
INSERT INTO produccion_academica.tipo_produccion(id,nombre, descripcion, codigo_abreviacion, activo, numero_orden, fecha_creacion, fecha_modificacion) VALUES (1,'Cambio Categoria','Cambio de categoria','CC', true,1, now(), now());
INSERT INTO produccion_academica.tipo_produccion(id,nombre, descripcion, codigo_abreviacion, activo, numero_orden, fecha_creacion, fecha_modificacion) VALUES (2,'Titulo Postgrado','Obtención de titulo de postgrado','TP', true,2, now(), now());
INSERT INTO produccion_academica.tipo_produccion(id,nombre, descripcion, codigo_abreviacion, activo, numero_orden, fecha_creacion, fecha_modificacion) VALUES (3,'Articulo','Publicación de articulo','AR', true,3, now(), now());
INSERT INTO produccion_academica.tipo_produccion(id,nombre, descripcion, codigo_abreviacion, activo, numero_orden, fecha_creacion, fecha_modificacion) VALUES (4,'Editorial','Editorial de revista','EDR', true,4, now(), now());
INSERT INTO produccion_academica.tipo_produccion(id,nombre, descripcion, codigo_abreviacion, activo, numero_orden, fecha_creacion, fecha_modificacion) VALUES (5,'Articulo Corto','Articulo Corto','ARTC', true,5, now(), now());
INSERT INTO produccion_academica.tipo_produccion(id,nombre, descripcion, codigo_abreviacion, activo, numero_orden, fecha_creacion, fecha_modificacion) VALUES (6,'Libro','Publicación de libro','LB', true,6, now(), now());
INSERT INTO produccion_academica.tipo_produccion(id,nombre, descripcion, codigo_abreviacion, activo, numero_orden, fecha_creacion, fecha_modificacion) VALUES (7,'Capitulo Libro','Publicacion de capitulo de Libro','CLB', true,7, now(), now());
INSERT INTO produccion_academica.tipo_produccion(id,nombre, descripcion, codigo_abreviacion, activo, numero_orden, fecha_creacion, fecha_modificacion) VALUES (8,'Traducción de Libro','Traducción de libro','TL', true,8, now(), now());
INSERT INTO produccion_academica.tipo_produccion(id,nombre, descripcion, codigo_abreviacion, activo, numero_orden, fecha_creacion, fecha_modificacion) VALUES (9,'Premios','Obtencion de premios','PR', true,9, now(), now());
INSERT INTO produccion_academica.tipo_produccion(id,nombre, descripcion, codigo_abreviacion, activo, numero_orden, fecha_creacion, fecha_modificacion) VALUES (10,'Producción Técnica','Producción técnica publicada','PT', true,10, now(), now());
INSERT INTO produccion_academica.tipo_produccion(id,nombre, descripcion, codigo_abreviacion, activo, numero_orden, fecha_creacion, fecha_modificacion) VALUES (11,'Patente','Publicación de patente','PA', true,11, now(), now());
INSERT INTO produccion_academica.tipo_produccion(id,nombre, descripcion, codigo_abreviacion, activo, numero_orden, fecha_creacion, fecha_modificacion) VALUES (12,'Software','Producción de software','SF', true,12, now(), now());
INSERT INTO produccion_academica.tipo_produccion(id,nombre, descripcion, codigo_abreviacion, activo, numero_orden, fecha_creacion, fecha_modificacion) VALUES (13,'Video, Cinematografica o Fonográfia','Producción de videos, cinematogrficas o fonografias','PVCF', true,13, now(), now());
INSERT INTO produccion_academica.tipo_produccion(id,nombre, descripcion, codigo_abreviacion, activo, numero_orden, fecha_creacion, fecha_modificacion) VALUES (14,'Obras Artisticas','Realización obras artisticas','OA', true,14, now(), now());
INSERT INTO produccion_academica.tipo_produccion(id,nombre, descripcion, codigo_abreviacion, activo, numero_orden, fecha_creacion, fecha_modificacion) VALUES (15,'Ponencias','Realización de ponencias','PN', true,15, now(), now());
INSERT INTO produccion_academica.tipo_produccion(id,nombre, descripcion, codigo_abreviacion, activo, numero_orden, fecha_creacion, fecha_modificacion) VALUES (16,'Publicación Impresa','Producción de publicación impresa','PI', true,16, now(), now());
INSERT INTO produccion_academica.tipo_produccion(id,nombre, descripcion, codigo_abreviacion, activo, numero_orden, fecha_creacion, fecha_modificacion) VALUES (17,'Reseña Critica','Realización de reseñas criticas','RAC', true,17, now(), now());
INSERT INTO produccion_academica.tipo_produccion(id,nombre, descripcion, codigo_abreviacion, activo, numero_orden, fecha_creacion, fecha_modificacion) VALUES (18,'Estudios Postdoctorales','Obtención de título postdoctoral','PD', true,18, now(), now());
INSERT INTO produccion_academica.tipo_produccion(id,nombre, descripcion, codigo_abreviacion, activo, numero_orden, fecha_creacion, fecha_modificacion) VALUES (19,'Traducción de Articulos','Realización de traduccion de articulos','TA', true,19, now(), now());
INSERT INTO produccion_academica.tipo_produccion(id,nombre, descripcion, codigo_abreviacion, activo, numero_orden, fecha_creacion, fecha_modificacion) VALUES (20,'Direccion de Tesis','Direccion de tesis para maestria o doctorado','DT', true,20, now(), now());

-- 3. categoria produccion
INSERT INTO produccion_academica.categoria_produccion(id, nombre, descripcion, activo, tipo_puntaje, fecha_creacion, fecha_modificacion) VALUES (1,'Cambio Categoria','Cambio de categoria por parte del docente','true', 'Salarial', now(), now());
INSERT INTO produccion_academica.categoria_produccion(id, nombre, descripcion, activo, tipo_puntaje, fecha_creacion, fecha_modificacion) VALUES (2,'Titulo Postgrado','Presentación de titulo de postgrado obtenido','true', 'Salarial', now(), now());
INSERT INTO produccion_academica.categoria_produccion(id, nombre, descripcion, activo, tipo_puntaje, fecha_creacion, fecha_modificacion) VALUES (3,'Produccion Puntos Salariales','Produccion academica para puntos salariales','true', 'Salarial', now(), now());
INSERT INTO produccion_academica.categoria_produccion(id, nombre, descripcion, activo, tipo_puntaje, fecha_creacion, fecha_modificacion) VALUES (4,'Produccion Puntos Bonificacion','Produccion academica para puntos de bonificacion','true', 'Bonificacion', now(), now());

-- 4. sistema tipo produccion
INSERT INTO produccion_academica.sistema_tipo_produccion(id, activo, sistema_id, tipo_produccion_id, fecha_creacion, fecha_modificacion) VALUES (1,true,1,1, now(), now());
INSERT INTO produccion_academica.sistema_tipo_produccion(id, activo, sistema_id, tipo_produccion_id, fecha_creacion, fecha_modificacion) VALUES (2,true,1,2, now(), now());
INSERT INTO produccion_academica.sistema_tipo_produccion(id, activo, sistema_id, tipo_produccion_id, fecha_creacion, fecha_modificacion) VALUES (3,true,1,3, now(), now());
INSERT INTO produccion_academica.sistema_tipo_produccion(id, activo, sistema_id, tipo_produccion_id, fecha_creacion, fecha_modificacion) VALUES (4,true,1,4, now(), now());
INSERT INTO produccion_academica.sistema_tipo_produccion(id, activo, sistema_id, tipo_produccion_id, fecha_creacion, fecha_modificacion) VALUES (5,true,1,5, now(), now());
INSERT INTO produccion_academica.sistema_tipo_produccion(id, activo, sistema_id, tipo_produccion_id, fecha_creacion, fecha_modificacion) VALUES (6,true,1,6, now(), now());
INSERT INTO produccion_academica.sistema_tipo_produccion(id, activo, sistema_id, tipo_produccion_id, fecha_creacion, fecha_modificacion) VALUES (7,true,1,7, now(), now());
INSERT INTO produccion_academica.sistema_tipo_produccion(id, activo, sistema_id, tipo_produccion_id, fecha_creacion, fecha_modificacion) VALUES (8,true,1,8, now(), now());
INSERT INTO produccion_academica.sistema_tipo_produccion(id, activo, sistema_id, tipo_produccion_id, fecha_creacion, fecha_modificacion) VALUES (9,true,1,9, now(), now());
INSERT INTO produccion_academica.sistema_tipo_produccion(id, activo, sistema_id, tipo_produccion_id, fecha_creacion, fecha_modificacion) VALUES (10,true,1,10, now(), now());
INSERT INTO produccion_academica.sistema_tipo_produccion(id, activo, sistema_id, tipo_produccion_id, fecha_creacion, fecha_modificacion) VALUES (11,true,1,11, now(), now());
INSERT INTO produccion_academica.sistema_tipo_produccion(id, activo, sistema_id, tipo_produccion_id, fecha_creacion, fecha_modificacion) VALUES (12,true,1,12, now(), now());
INSERT INTO produccion_academica.sistema_tipo_produccion(id, activo, sistema_id, tipo_produccion_id, fecha_creacion, fecha_modificacion) VALUES (13,true,1,13, now(), now());
INSERT INTO produccion_academica.sistema_tipo_produccion(id, activo, sistema_id, tipo_produccion_id, fecha_creacion, fecha_modificacion) VALUES (14,true,1,14, now(), now());
INSERT INTO produccion_academica.sistema_tipo_produccion(id, activo, sistema_id, tipo_produccion_id, fecha_creacion, fecha_modificacion) VALUES (15,true,1,15, now(), now());
INSERT INTO produccion_academica.sistema_tipo_produccion(id, activo, sistema_id, tipo_produccion_id, fecha_creacion, fecha_modificacion) VALUES (16,true,1,16, now(), now());
INSERT INTO produccion_academica.sistema_tipo_produccion(id, activo, sistema_id, tipo_produccion_id, fecha_creacion, fecha_modificacion) VALUES (17,true,1,17, now(), now());
INSERT INTO produccion_academica.sistema_tipo_produccion(id, activo, sistema_id, tipo_produccion_id, fecha_creacion, fecha_modificacion) VALUES (18,true,1,18, now(), now());
INSERT INTO produccion_academica.sistema_tipo_produccion(id, activo, sistema_id, tipo_produccion_id, fecha_creacion, fecha_modificacion) VALUES (19,true,1,19, now(), now());
INSERT INTO produccion_academica.sistema_tipo_produccion(id, activo, sistema_id, tipo_produccion_id, fecha_creacion, fecha_modificacion) VALUES (20,true,1,20, now(), now());

--5. subtipo produccion
INSERT INTO produccion_academica.subtipo_produccion(id,nombre, descripcion, codigo_abreviacion, activo, numero_orden,tipo_produccion_id, categoria_produccion_id,fecha_creacion, fecha_modificacion) VALUES (1,'Cambio de Auxiliar a Asistente','Cambio de Categoria de Auxiliar a Asistente','CXA', true,1,1,1, now(), now());
INSERT INTO produccion_academica.subtipo_produccion(id,nombre, descripcion, codigo_abreviacion, activo, numero_orden,tipo_produccion_id, categoria_produccion_id,fecha_creacion, fecha_modificacion) VALUES (2,'Cambio de Asistente a Asociado','Cambio de Categoria de Asistente a Asociado','CAS', true,2,1,1, now(), now());
INSERT INTO produccion_academica.subtipo_produccion(id,nombre, descripcion, codigo_abreviacion, activo, numero_orden,tipo_produccion_id, categoria_produccion_id,fecha_creacion, fecha_modificacion) VALUES (3,'Cambio de Asociado a Titular','Cambio de Categoria de Asociado aTitular','CST', true,3,1,1, now(), now());
INSERT INTO produccion_academica.subtipo_produccion(id,nombre, descripcion, codigo_abreviacion, activo, numero_orden,tipo_produccion_id, categoria_produccion_id,fecha_creacion, fecha_modificacion) VALUES (4,'Titulo de Especialización','Obtención de titulo de especialización','TPE', true,4,2,2, now(), now());
INSERT INTO produccion_academica.subtipo_produccion(id,nombre, descripcion, codigo_abreviacion, activo, numero_orden,tipo_produccion_id, categoria_produccion_id,fecha_creacion, fecha_modificacion) VALUES (5,'Titulo de Maestria','Obtención de titulo de maestria','TPM', true,5,2,2, now(), now());
INSERT INTO produccion_academica.subtipo_produccion(id,nombre, descripcion, codigo_abreviacion, activo, numero_orden,tipo_produccion_id, categoria_produccion_id,fecha_creacion, fecha_modificacion) VALUES (6,'Titulo de Doctorado','Obtención de titulo de Doctorado','TPD', true,6,2,2, now(), now());
INSERT INTO produccion_academica.subtipo_produccion(id,nombre, descripcion, codigo_abreviacion, activo, numero_orden,tipo_produccion_id, categoria_produccion_id,fecha_creacion, fecha_modificacion) VALUES (7,'Articulo Completo','Articulo completo en una revista','ACO', true,7,3,3, now(), now());
INSERT INTO produccion_academica.subtipo_produccion(id,nombre, descripcion, codigo_abreviacion, activo, numero_orden,tipo_produccion_id, categoria_produccion_id,fecha_creacion, fecha_modificacion) VALUES (8,'Pagina Editorial','Produccion de pagina editorial en revista','PE', true,8,4,3, now(), now());
INSERT INTO produccion_academica.subtipo_produccion(id,nombre, descripcion, codigo_abreviacion, activo, numero_orden,tipo_produccion_id, categoria_produccion_id,fecha_creacion, fecha_modificacion) VALUES (9,'Articulo Corto','Articulo corto publicado en una revista','ACR', true,9,5,3, now(), now());
INSERT INTO produccion_academica.subtipo_produccion(id,nombre, descripcion, codigo_abreviacion, activo, numero_orden,tipo_produccion_id, categoria_produccion_id,fecha_creacion, fecha_modificacion) VALUES (10,'Libro de Investigación','Producción de libro de Investigación','LI', true,10,6,3, now(), now());
INSERT INTO produccion_academica.subtipo_produccion(id,nombre, descripcion, codigo_abreviacion, activo, numero_orden,tipo_produccion_id, categoria_produccion_id,fecha_creacion, fecha_modificacion) VALUES (11,'Libro de Texto','Producción de libro de texto','LT', true,11,6,3, now(), now());
INSERT INTO produccion_academica.subtipo_produccion(id,nombre, descripcion, codigo_abreviacion, activo, numero_orden,tipo_produccion_id, categoria_produccion_id,fecha_creacion, fecha_modificacion) VALUES (12,'Libro de Ensayo','Producción de libro de ensayo','LE', true,12,6,3, now(), now());
INSERT INTO produccion_academica.subtipo_produccion(id,nombre, descripcion, codigo_abreviacion, activo, numero_orden,tipo_produccion_id, categoria_produccion_id,fecha_creacion, fecha_modificacion) VALUES (13,'Capitulo de libro de Investigación','Producción de Capitulo de libro de Investigación','CLI', true,13,7,3, now(), now());
INSERT INTO produccion_academica.subtipo_produccion(id,nombre, descripcion, codigo_abreviacion, activo, numero_orden,tipo_produccion_id, categoria_produccion_id,fecha_creacion, fecha_modificacion) VALUES (14,'Capitulo de libro de texto','Producción de Capitulo de libro de texto','CLT', true,14,7,3, now(), now());
INSERT INTO produccion_academica.subtipo_produccion(id,nombre, descripcion, codigo_abreviacion, activo, numero_orden,tipo_produccion_id, categoria_produccion_id,fecha_creacion, fecha_modificacion) VALUES (15,'Capitulo de libro de Ensayo','Producción de Capitulo de libro de Ensayo','CLE', true,15,7,3, now(), now());
INSERT INTO produccion_academica.subtipo_produccion(id,nombre, descripcion, codigo_abreviacion, activo, numero_orden,tipo_produccion_id, categoria_produccion_id,fecha_creacion, fecha_modificacion) VALUES (16,'Traducción de Libro','Traducción de libro','TL', true,16,8,3, now(), now());
INSERT INTO produccion_academica.subtipo_produccion(id,nombre, descripcion, codigo_abreviacion, activo, numero_orden,tipo_produccion_id, categoria_produccion_id,fecha_creacion, fecha_modificacion) VALUES (17,'Premio Nacional','Obtención de premio Nacional','PRN', true,17,9,3, now(), now());
INSERT INTO produccion_academica.subtipo_produccion(id,nombre, descripcion, codigo_abreviacion, activo, numero_orden,tipo_produccion_id, categoria_produccion_id,fecha_creacion, fecha_modificacion) VALUES (18,'Premio Internacional','Obtencion de premio Internacional','PRI', true,18,9,3, now(), now());
INSERT INTO produccion_academica.subtipo_produccion(id,nombre, descripcion, codigo_abreviacion, activo, numero_orden,tipo_produccion_id, categoria_produccion_id,fecha_creacion, fecha_modificacion) VALUES (19,'Innovación Técnologica','Producción de Innovación Técnologica','PIT', true,19,10,3, now(), now());
INSERT INTO produccion_academica.subtipo_produccion(id,nombre, descripcion, codigo_abreviacion, activo, numero_orden,tipo_produccion_id, categoria_produccion_id,fecha_creacion, fecha_modificacion) VALUES (20,'Adaptacion Técnologica','Producción de Adaptacion Técnologica','PAT', true,20,10,3, now(), now());
INSERT INTO produccion_academica.subtipo_produccion(id,nombre, descripcion, codigo_abreviacion, activo, numero_orden,tipo_produccion_id, categoria_produccion_id,fecha_creacion, fecha_modificacion) VALUES (21,'Patente de invencion','Publicación de patente de invencion','PAI', true,21,11,3, now(), now());
INSERT INTO produccion_academica.subtipo_produccion(id,nombre, descripcion, codigo_abreviacion, activo, numero_orden,tipo_produccion_id, categoria_produccion_id,fecha_creacion, fecha_modificacion) VALUES (22,'Patente de modelo de utilidad','Publicación de Patente de modelo de utilidad','PAMU', true,22,11,3, now(), now());
INSERT INTO produccion_academica.subtipo_produccion(id,nombre, descripcion, codigo_abreviacion, activo, numero_orden,tipo_produccion_id, categoria_produccion_id,fecha_creacion, fecha_modificacion) VALUES (23,'Software','Producción de Software','SF', true,23,12,3, now(), now());
INSERT INTO produccion_academica.subtipo_produccion(id,nombre, descripcion, codigo_abreviacion, activo, numero_orden,tipo_produccion_id, categoria_produccion_id,fecha_creacion, fecha_modificacion) VALUES (24,'Video Internacional o Nacional','Producción de videos, cinematogrficas o fonografias internacional o nacional','VCFIN', true,24,13,3, now(), now());
INSERT INTO produccion_academica.subtipo_produccion(id,nombre, descripcion, codigo_abreviacion, activo, numero_orden,tipo_produccion_id, categoria_produccion_id,fecha_creacion, fecha_modificacion) VALUES (25,'Video Regional o Local','Producción de videos, cinematogrficas o fonografias Regional o local','VCFRL', true,25,13,4, now(), now());
INSERT INTO produccion_academica.subtipo_produccion(id,nombre, descripcion, codigo_abreviacion, activo, numero_orden,tipo_produccion_id, categoria_produccion_id,fecha_creacion, fecha_modificacion) VALUES (26,'Obras Artisticas Internacional o Nacional','Realización de obras artisticas de impacto internacional o nacional','OAIN', true,26,14,3, now(), now());
INSERT INTO produccion_academica.subtipo_produccion(id,nombre, descripcion, codigo_abreviacion, activo, numero_orden,tipo_produccion_id, categoria_produccion_id,fecha_creacion, fecha_modificacion) VALUES (27,'Obras Artisticas Regional o Local','Realización de obras artisticas de impacto regional o local','OARL', true,27,14,4, now(), now());
INSERT INTO produccion_academica.subtipo_produccion(id,nombre, descripcion, codigo_abreviacion, activo, numero_orden,tipo_produccion_id, categoria_produccion_id,fecha_creacion, fecha_modificacion) VALUES (28,'Ponencia','Realización de ponencia','PON', true,28,15,4, now(), now());
INSERT INTO produccion_academica.subtipo_produccion(id,nombre, descripcion, codigo_abreviacion, activo, numero_orden,tipo_produccion_id, categoria_produccion_id,fecha_creacion, fecha_modificacion) VALUES (29,'Publicación Impresa de revista','Producción de publicación impresa de revista','PIR', true,29,16,4, now(), now());
INSERT INTO produccion_academica.subtipo_produccion(id,nombre, descripcion, codigo_abreviacion, activo, numero_orden,tipo_produccion_id, categoria_produccion_id,fecha_creacion, fecha_modificacion) VALUES (30,'Publicación Impresa de libro','Producción de publicación impresa de libro','PIL', true,30,16,4, now(), now());
INSERT INTO produccion_academica.subtipo_produccion(id,nombre, descripcion, codigo_abreviacion, activo, numero_orden,tipo_produccion_id, categoria_produccion_id,fecha_creacion, fecha_modificacion) VALUES (31,'Reseña Critica','Realización de reseñas criticas','RAC', true,31,17,4, now(), now());
INSERT INTO produccion_academica.subtipo_produccion(id,nombre, descripcion, codigo_abreviacion, activo, numero_orden,tipo_produccion_id, categoria_produccion_id,fecha_creacion, fecha_modificacion) VALUES (32,'Estudios Postdoctorales','Obtención de título postdoctoral','PD', true,32,18,4, now(), now());
INSERT INTO produccion_academica.subtipo_produccion(id,nombre, descripcion, codigo_abreviacion, activo, numero_orden,tipo_produccion_id, categoria_produccion_id,fecha_creacion, fecha_modificacion) VALUES (33,'Traducción de Articulos','Realización de traduccion de articulos','TA', true,33,19,4, now(), now());
INSERT INTO produccion_academica.subtipo_produccion(id,nombre, descripcion, codigo_abreviacion, activo, numero_orden,tipo_produccion_id, categoria_produccion_id,fecha_creacion, fecha_modificacion) VALUES (34,'Direccion de tesis para maestria','Direccion de tesis para maestria','DTM', true,34,20,4, now(), now());
INSERT INTO produccion_academica.subtipo_produccion(id,nombre, descripcion, codigo_abreviacion, activo, numero_orden,tipo_produccion_id, categoria_produccion_id,fecha_creacion, fecha_modificacion) VALUES (35,'Direccion de tesis para doctorado','Direccion de tesis para doctorado','DTD', true,35,20,4, now(), now());

-- 6. puntaje subtipo produccion
INSERT INTO produccion_academica.puntaje_subtipo_produccion(id, nombre, descripcion, codigo_abreviacion, activo, caracteristicas, subtipo_produccion, fecha_creacion, fecha_modificacion) VALUES (1,'Cambio de Auxiliar a Asistente','Cambio de Categoria de Auxiliar a Asistente','CXA', 'true','{"Puntaje": "21"}','1', now(), now());
INSERT INTO produccion_academica.puntaje_subtipo_produccion(id, nombre, descripcion, codigo_abreviacion, activo, caracteristicas, subtipo_produccion, fecha_creacion, fecha_modificacion) VALUES (2,'Cambio de Asistente a Asociado','Cambio de Categoria de Asistente a Asociado','CAS', 'true','{"Puntaje": "16"}','2', now(), now());
INSERT INTO produccion_academica.puntaje_subtipo_produccion(id, nombre, descripcion, codigo_abreviacion, activo, caracteristicas, subtipo_produccion, fecha_creacion, fecha_modificacion) VALUES (3,'Cambio de Asociado a Titular','Cambio de Categoria de Asociado aTitular','CST', 'true','{"Puntaje": "22"}','3', now(), now());
INSERT INTO produccion_academica.puntaje_subtipo_produccion(id, nombre, descripcion, codigo_abreviacion, activo, caracteristicas, subtipo_produccion, fecha_creacion, fecha_modificacion) VALUES (4,'Titulo de Especialización primera vez','Presentacion de titulo de especialización por primera vez','TPEPV', 'true','{"Numero Especializacion": "1", "Puntaje": "20"}','4', now(), now());
INSERT INTO produccion_academica.puntaje_subtipo_produccion(id, nombre, descripcion, codigo_abreviacion, activo, caracteristicas, subtipo_produccion, fecha_creacion, fecha_modificacion) VALUES (5,'Titulo de Especialización segunda vez','Presentacion de titulo de especialización por segunda vez','TPESV', 'true','{"Numero Especializacion": "2", "Puntaje": "10"}','4', now(), now());
INSERT INTO produccion_academica.puntaje_subtipo_produccion(id, nombre, descripcion, codigo_abreviacion, activo, caracteristicas, subtipo_produccion, fecha_creacion, fecha_modificacion) VALUES (6,'Titulo de Maestria primera vez','Presentacion de titulo de maestria por primera vez','TPMPV', 'true','{"Numero Maestria": "1", "Numero Especializacion": "1", "Puntaje": "40"}','5', now(), now());
INSERT INTO produccion_academica.puntaje_subtipo_produccion(id, nombre, descripcion, codigo_abreviacion, activo, caracteristicas, subtipo_produccion, fecha_creacion, fecha_modificacion) VALUES (7,'Titulo de Maestria primera vez con dos especializaciones','Presentacion de titulo de maestria por primera vez con dos especializaciones previas presentadas','TPMPVDE', 'true','{"Numero Maestria": "1", "Numero Especializacion": "2", "Puntaje": "30"}','5', now(), now());
INSERT INTO produccion_academica.puntaje_subtipo_produccion(id, nombre, descripcion, codigo_abreviacion, activo, caracteristicas, subtipo_produccion, fecha_creacion, fecha_modificacion) VALUES (8,'Titulo de Maestria segunda vez','Presentacion de titulo de maestria por segunda vez','TPMSV', 'true','{"Numero Maestria": "2", "Numero Especializacion": "1", "Puntaje": "20"}','5', now(), now());
INSERT INTO produccion_academica.puntaje_subtipo_produccion(id, nombre, descripcion, codigo_abreviacion, activo, caracteristicas, subtipo_produccion, fecha_creacion, fecha_modificacion) VALUES (9,'Titulo de Doctorado con maestria ','Presentacion de titulo de Doctorado con previa presentacion de maestria','TPDCM', 'true','{"Numero Maestria": "1", "Puntaje": "80"}','6', now(), now());
INSERT INTO produccion_academica.puntaje_subtipo_produccion(id, nombre, descripcion, codigo_abreviacion, activo, caracteristicas, subtipo_produccion, fecha_creacion, fecha_modificacion) VALUES (10,'Titulo de Doctorado sin maestria','Presentacion de titulo de Doctorado sin previa presentacion de maestria','TPDSM', 'true','{"Numero Maestria": "0", "Puntaje": "120"}','6', now(), now());
INSERT INTO produccion_academica.puntaje_subtipo_produccion(id, nombre, descripcion, codigo_abreviacion, activo, caracteristicas, subtipo_produccion, fecha_creacion, fecha_modificacion) VALUES (11,'Articulo Completo A1','Articulo completo en una revista de clasificacion A1','ACOAA', 'true','{"Categoria Revista": "A1", "Puntaje": "15"}','7', now(), now());
INSERT INTO produccion_academica.puntaje_subtipo_produccion(id, nombre, descripcion, codigo_abreviacion, activo, caracteristicas, subtipo_produccion, fecha_creacion, fecha_modificacion) VALUES (12,'Articulo Completo A2','Articulo completo en una revista de clasificacion A2','ACOAB', 'true','{"Categoria Revista": "A2", "Puntaje": "12"}','7', now(), now());
INSERT INTO produccion_academica.puntaje_subtipo_produccion(id, nombre, descripcion, codigo_abreviacion, activo, caracteristicas, subtipo_produccion, fecha_creacion, fecha_modificacion) VALUES (13,'Articulo Completo B','Articulo completo en una revista de clasificacion B','ACOB', 'true','{"Categoria Revista": "B", "Puntaje": "8"}','7', now(), now());
INSERT INTO produccion_academica.puntaje_subtipo_produccion(id, nombre, descripcion, codigo_abreviacion, activo, caracteristicas, subtipo_produccion, fecha_creacion, fecha_modificacion) VALUES (14,'Articulo Completo C','Articulo completo en una revista de clasificacion C','ACOC', 'true','{"Categoria Revista": "C", "Puntaje": "3"}','7', now(), now());
INSERT INTO produccion_academica.puntaje_subtipo_produccion(id, nombre, descripcion, codigo_abreviacion, activo, caracteristicas, subtipo_produccion, fecha_creacion, fecha_modificacion) VALUES (15,'Pagina Editorial A1','Produccion de pagina editorial en revista de clasificacion A1','PEAA', 'true','{"Categoria Revista": "A1", "Puntaje": "4,5"}','8', now(), now());
INSERT INTO produccion_academica.puntaje_subtipo_produccion(id, nombre, descripcion, codigo_abreviacion, activo, caracteristicas, subtipo_produccion, fecha_creacion, fecha_modificacion) VALUES (16,'Pagina Editorial A2','Produccion de pagina editorial en revista de clasificacion A2','PEAB', 'true','{"Categoria Revista": "A2", "Puntaje": "3,6"}','8', now(), now());
INSERT INTO produccion_academica.puntaje_subtipo_produccion(id, nombre, descripcion, codigo_abreviacion, activo, caracteristicas, subtipo_produccion, fecha_creacion, fecha_modificacion) VALUES (17,'Pagina Editorial B','Produccion de pagina editorial en revista de clasificacion B','PEB', 'true','{"Categoria Revista": "B", "Puntaje": "2,4"}','8', now(), now());
INSERT INTO produccion_academica.puntaje_subtipo_produccion(id, nombre, descripcion, codigo_abreviacion, activo, caracteristicas, subtipo_produccion, fecha_creacion, fecha_modificacion) VALUES (18,'Pagina Editorial C','Produccion de pagina editorial en revista de clasificacion C','PEC', 'true','{"Categoria Revista": "C", "Puntaje": "0,9"}','8', now(), now());
INSERT INTO produccion_academica.puntaje_subtipo_produccion(id, nombre, descripcion, codigo_abreviacion, activo, caracteristicas, subtipo_produccion, fecha_creacion, fecha_modificacion) VALUES (19,'Articulo Corto A1','Articulo corto publicado en una revista de clasificacion A1','ACRAA', 'true','{"Categoria Revista": "A1", "Puntaje": "9"}','9', now(), now());
INSERT INTO produccion_academica.puntaje_subtipo_produccion(id, nombre, descripcion, codigo_abreviacion, activo, caracteristicas, subtipo_produccion, fecha_creacion, fecha_modificacion) VALUES (20,'Articulo Corto A2','Articulo corto publicado en una revista de clasificacion A2','ACRAB', 'true','{"Categoria Revista": "A2", "Puntaje": "7,2"}','9', now(), now());
INSERT INTO produccion_academica.puntaje_subtipo_produccion(id, nombre, descripcion, codigo_abreviacion, activo, caracteristicas, subtipo_produccion, fecha_creacion, fecha_modificacion) VALUES (21,'Articulo Corto B','Articulo corto publicado en una revista de clasificacion B','ACRB', 'true','{"Categoria Revista": "B", "Puntaje": "4,8"}','9', now(), now());
INSERT INTO produccion_academica.puntaje_subtipo_produccion(id, nombre, descripcion, codigo_abreviacion, activo, caracteristicas, subtipo_produccion, fecha_creacion, fecha_modificacion) VALUES (22,'Articulo Corto C','Articulo corto publicado en una revista de clasificacion C','ACRC', 'true','{"Categoria Revista": "C", "Puntaje": "1,8"}','9', now(), now());
INSERT INTO produccion_academica.puntaje_subtipo_produccion(id, nombre, descripcion, codigo_abreviacion, activo, caracteristicas, subtipo_produccion, fecha_creacion, fecha_modificacion) VALUES (23,'Libro de Investigación','Producción de libro de Investigación','LI', 'true','{"Puntaje": "20"}','10', now(), now());
INSERT INTO produccion_academica.puntaje_subtipo_produccion(id, nombre, descripcion, codigo_abreviacion, activo, caracteristicas, subtipo_produccion, fecha_creacion, fecha_modificacion) VALUES (24,'Libro de Texto','Producción de libro de texto','LT', 'true','{"Puntaje": "15"}','11', now(), now());
INSERT INTO produccion_academica.puntaje_subtipo_produccion(id, nombre, descripcion, codigo_abreviacion, activo, caracteristicas, subtipo_produccion, fecha_creacion, fecha_modificacion) VALUES (25,'Libro de Ensayo','Producción de libro de ensayo','LE', 'true','{"Puntaje": "15"}','12', now(), now());
INSERT INTO produccion_academica.puntaje_subtipo_produccion(id, nombre, descripcion, codigo_abreviacion, activo, caracteristicas, subtipo_produccion, fecha_creacion, fecha_modificacion) VALUES (26,'Capitulo de libro de Investigación','Producción de Capitulo de libro de Investigación','CLI', 'true','{"Puntaje": "20"}','13', now(), now());
INSERT INTO produccion_academica.puntaje_subtipo_produccion(id, nombre, descripcion, codigo_abreviacion, activo, caracteristicas, subtipo_produccion, fecha_creacion, fecha_modificacion) VALUES (27,'Capitulo de libro de texto','Producción de Capitulo de libro de texto','CLT', 'true','{"Puntaje": "15"}','14', now(), now());
INSERT INTO produccion_academica.puntaje_subtipo_produccion(id, nombre, descripcion, codigo_abreviacion, activo, caracteristicas, subtipo_produccion, fecha_creacion, fecha_modificacion) VALUES (28,'Capitulo de libro de Ensayo','Producción de Capitulo de libro de Ensayo','CLE', 'true','{"Puntaje": "15"}','15', now(), now());
INSERT INTO produccion_academica.puntaje_subtipo_produccion(id, nombre, descripcion, codigo_abreviacion, activo, caracteristicas, subtipo_produccion, fecha_creacion, fecha_modificacion) VALUES (29,'Traducción de Libro','Traducción de libro','TL', 'true','{"Puntaje": "15"}','16', now(), now());
INSERT INTO produccion_academica.puntaje_subtipo_produccion(id, nombre, descripcion, codigo_abreviacion, activo, caracteristicas, subtipo_produccion, fecha_creacion, fecha_modificacion) VALUES (30,'Premio Nacional','Obtención de premio Nacional','PRN', 'true','{"Puntaje": "15"}','17', now(), now());
INSERT INTO produccion_academica.puntaje_subtipo_produccion(id, nombre, descripcion, codigo_abreviacion, activo, caracteristicas, subtipo_produccion, fecha_creacion, fecha_modificacion) VALUES (31,'Premio Internacional','Obtencion de premio Internacional','PRI', 'true','{"Puntaje": "15"}','18', now(), now());
INSERT INTO produccion_academica.puntaje_subtipo_produccion(id, nombre, descripcion, codigo_abreviacion, activo, caracteristicas, subtipo_produccion, fecha_creacion, fecha_modificacion) VALUES (32,'Innovación Técnologica','Producción de Innovación Técnologica','PIT', 'true','{"Puntaje": "15"}','19', now(), now());
INSERT INTO produccion_academica.puntaje_subtipo_produccion(id, nombre, descripcion, codigo_abreviacion, activo, caracteristicas, subtipo_produccion, fecha_creacion, fecha_modificacion) VALUES (33,'Adaptacion Técnologica','Producción de Adaptacion Técnologica','PAT', 'true','{"Puntaje": "8"}','20', now(), now());
INSERT INTO produccion_academica.puntaje_subtipo_produccion(id, nombre, descripcion, codigo_abreviacion, activo, caracteristicas, subtipo_produccion, fecha_creacion, fecha_modificacion) VALUES (34,'Patente de invencion','Publicación de patente de invencion','PAI', 'true','{"Puntaje": "25"}','21', now(), now());
INSERT INTO produccion_academica.puntaje_subtipo_produccion(id, nombre, descripcion, codigo_abreviacion, activo, caracteristicas, subtipo_produccion, fecha_creacion, fecha_modificacion) VALUES (35,'Patente de modelo de utilidad','Publicación de Patente de modelo de utilidad','PAMU', 'true','{"Puntaje": "25"}','22', now(), now());
INSERT INTO produccion_academica.puntaje_subtipo_produccion(id, nombre, descripcion, codigo_abreviacion, activo, caracteristicas, subtipo_produccion, fecha_creacion, fecha_modificacion) VALUES (36,'Software','Producción de Software','SF', 'true','{"Puntaje": "15"}','23', now(), now());
INSERT INTO produccion_academica.puntaje_subtipo_produccion(id, nombre, descripcion, codigo_abreviacion, activo, caracteristicas, subtipo_produccion, fecha_creacion, fecha_modificacion) VALUES (37,'Video, Cinematografica o Fonográfia Nacional','Producción de videos, cinematogrficas o fonografias nacional','VCFN', 'true','{"Alcance": "Nacional", "Puntaje": "7"}','24', now(), now());
INSERT INTO produccion_academica.puntaje_subtipo_produccion(id, nombre, descripcion, codigo_abreviacion, activo, caracteristicas, subtipo_produccion, fecha_creacion, fecha_modificacion) VALUES (38,'Video, Cinematografica o Fonográfia Internacional','Producción de videos, cinematogrficas o fonografias internacional','VCFI', 'true','{"Alcance": "Internacional", "Puntaje": "12"}','24', now(), now());
INSERT INTO produccion_academica.puntaje_subtipo_produccion(id, nombre, descripcion, codigo_abreviacion, activo, caracteristicas, subtipo_produccion, fecha_creacion, fecha_modificacion) VALUES (39,'Video, Cinematografica o Fonográfia Regional o Local de Rango alto','Producción de videos, cinematogrficas o fonografias Regional o local de rango alto','VCFRLRA', 'true','{"Alcance": "Regional o Local", "Rango": "Alto", "Puntaje": "48"}','25', now(), now());
INSERT INTO produccion_academica.puntaje_subtipo_produccion(id, nombre, descripcion, codigo_abreviacion, activo, caracteristicas, subtipo_produccion, fecha_creacion, fecha_modificacion) VALUES (40,'Video, Cinematografica o Fonográfia Regional o Local de Rango medio','Producción de videos, cinematogrficas o fonografias Regional o local de rango medio','VCFRLRM', 'true','{"Alcance": "Regional o Local", "Rango": "Medio", "Puntaje": "30"}','25', now(), now());
INSERT INTO produccion_academica.puntaje_subtipo_produccion(id, nombre, descripcion, codigo_abreviacion, activo, caracteristicas, subtipo_produccion, fecha_creacion, fecha_modificacion) VALUES (41,'Video, Cinematografica o Fonográfia Regional o Local de Rango Bajo','Producción de videos, cinematogrficas o fonografias Regional o local de rango bajo','VCFRLRB', 'true','{"Alcance": "Regional o Local", "Rango": "Bajo", "Puntaje": "15"}','25', now(), now());
INSERT INTO produccion_academica.puntaje_subtipo_produccion(id, nombre, descripcion, codigo_abreviacion, activo, caracteristicas, subtipo_produccion, fecha_creacion, fecha_modificacion) VALUES (42,'Obras Artisticas Nacional de creacion original','Realización de obras artisticas de impacto nacional de creacion original','OANCO', 'true','{"Alcance": "Nacional", "Tipo de Obra Artistica": "Creación Original", "Puntaje": "14"}','26', now(), now());
INSERT INTO produccion_academica.puntaje_subtipo_produccion(id, nombre, descripcion, codigo_abreviacion, activo, caracteristicas, subtipo_produccion, fecha_creacion, fecha_modificacion) VALUES (43,'Obras Artisticas Nacional de creacion complementaria o de apoyo','Realización de obras artisticas de impacto nacional de creacion complementaria o de apoyo','OANCC', 'true','{"Alcance": "Nacional", "Tipo de Obra Artistica": "Creacion complementaria o de apoyo", "Puntaje": "8"}','26', now(), now());
INSERT INTO produccion_academica.puntaje_subtipo_produccion(id, nombre, descripcion, codigo_abreviacion, activo, caracteristicas, subtipo_produccion, fecha_creacion, fecha_modificacion) VALUES (44,'Interpretacion de Obras Artisticas Nacional','Interpretacion de obras artisticas de impacto nacional','OANI', 'true','{"Alcance": "Nacional", "Tipo de Obra Artistica": "Interpretacion de obra", "Puntaje": "8"}','26', now(), now());
INSERT INTO produccion_academica.puntaje_subtipo_produccion(id, nombre, descripcion, codigo_abreviacion, activo, caracteristicas, subtipo_produccion, fecha_creacion, fecha_modificacion) VALUES (45,'Obras Artisticas Internacional de creacion original','Realización de obras artisticas de impacto internacional de creacion original','OAICO', 'true','{"Alcance": "Internacional", "Tipo de Obra Artistica": "Creación Original", "Puntaje": "20"}','26', now(), now());
INSERT INTO produccion_academica.puntaje_subtipo_produccion(id, nombre, descripcion, codigo_abreviacion, activo, caracteristicas, subtipo_produccion, fecha_creacion, fecha_modificacion) VALUES (46,'Obras Artisticas Internacional de creacion complementaria o de apoyo','Realización de obras artisticas de impacto internacional de creacion complementaria o de apoyo','OAICC', 'true','{"Alcance": "Internacional", "Tipo de Obra Artistica": "Creacion complementaria o de apoyo", "Puntaje": "12"}','26', now(), now());
INSERT INTO produccion_academica.puntaje_subtipo_produccion(id, nombre, descripcion, codigo_abreviacion, activo, caracteristicas, subtipo_produccion, fecha_creacion, fecha_modificacion) VALUES (47,'Interpretacion de Obras Artisticas Internacional','Interpretacion de obras artisticas de impacto internacional','OAII', 'true','{"Alcance": "Internacional", "Tipo de Obra Artistica": "Interpretacion de obra", "Puntaje": "14"}','26', now(), now());
INSERT INTO produccion_academica.puntaje_subtipo_produccion(id, nombre, descripcion, codigo_abreviacion, activo, caracteristicas, subtipo_produccion, fecha_creacion, fecha_modificacion) VALUES (48,'Obras Artisticas Regional o Local de rango alto','Realización de obras artisticas de impacto regional o local de rango alto','OARLRA', 'true','{"Alcance": "Regional o Local", "Rango": "Alto", "Puntaje": "72"}','27', now(), now());
INSERT INTO produccion_academica.puntaje_subtipo_produccion(id, nombre, descripcion, codigo_abreviacion, activo, caracteristicas, subtipo_produccion, fecha_creacion, fecha_modificacion) VALUES (49,'Obras Artisticas Regional o Local de rango medio','Realización de obras artisticas de impacto regional o local de rango medio','OARLRM', 'true','{"Alcance": "Regional o Local", "Rango": "Medio", "Puntaje": "48"}','27', now(), now());
INSERT INTO produccion_academica.puntaje_subtipo_produccion(id, nombre, descripcion, codigo_abreviacion, activo, caracteristicas, subtipo_produccion, fecha_creacion, fecha_modificacion) VALUES (50,'Obras Artisticas Regional o Local de rango bajo','Realización de obras artisticas de impacto regional o local de rango bajo','OARLRB', 'true','{"Alcance": "Regional o Local", "Rango": "Bajo", "Puntaje": "24"}','27', now(), now());
INSERT INTO produccion_academica.puntaje_subtipo_produccion(id, nombre, descripcion, codigo_abreviacion, activo, caracteristicas, subtipo_produccion, fecha_creacion, fecha_modificacion) VALUES (51,'Ponencia Internacional','Realización de ponencia de impacto internacional','PONI', 'true','{"Alcance": "Internacional", "Puntaje": "84"}','28', now(), now());
INSERT INTO produccion_academica.puntaje_subtipo_produccion(id, nombre, descripcion, codigo_abreviacion, activo, caracteristicas, subtipo_produccion, fecha_creacion, fecha_modificacion) VALUES (52,'Ponencia Nacional','Realización de ponencia de impacto nacional','PONN', 'true','{"Alcance": "Nacional", "Puntaje": "48"}','28', now(), now());
INSERT INTO produccion_academica.puntaje_subtipo_produccion(id, nombre, descripcion, codigo_abreviacion, activo, caracteristicas, subtipo_produccion, fecha_creacion, fecha_modificacion) VALUES (53,'Ponencia Regional','Realización de ponencia de impacto regional','PONR', 'true','{"Alcance": "Regional o Local", "Puntaje": "24"}','28', now(), now());
INSERT INTO produccion_academica.puntaje_subtipo_produccion(id, nombre, descripcion, codigo_abreviacion, activo, caracteristicas, subtipo_produccion, fecha_creacion, fecha_modificacion) VALUES (54,'Publicación Impresa de revista','Producción de publicación impresa de revista','PIR', 'true','{"Puntaje": "60"}','29', now(), now());
INSERT INTO produccion_academica.puntaje_subtipo_produccion(id, nombre, descripcion, codigo_abreviacion, activo, caracteristicas, subtipo_produccion, fecha_creacion, fecha_modificacion) VALUES (55,'Publicación Impresa de libro','Producción de publicación impresa de libro','PIL', 'true','{"Puntaje": "60"}','30', now(), now());
INSERT INTO produccion_academica.puntaje_subtipo_produccion(id, nombre, descripcion, codigo_abreviacion, activo, caracteristicas, subtipo_produccion, fecha_creacion, fecha_modificacion) VALUES (56,'Reseña Critica','Realización de reseñas criticas','RAC', 'true','{"Puntaje": "12"}','31', now(), now());
INSERT INTO produccion_academica.puntaje_subtipo_produccion(id, nombre, descripcion, codigo_abreviacion, activo, caracteristicas, subtipo_produccion, fecha_creacion, fecha_modificacion) VALUES (57,'Estudios Postdoctorales','Obtención de título postdoctoral','PD', 'true','{"Puntaje": "120"}','32', now(), now());
INSERT INTO produccion_academica.puntaje_subtipo_produccion(id, nombre, descripcion, codigo_abreviacion, activo, caracteristicas, subtipo_produccion, fecha_creacion, fecha_modificacion) VALUES (58,'Traducción de Articulos','Realización de traduccion de articulos','TA', 'true','{"Puntaje": "36"}','33', now(), now());
INSERT INTO produccion_academica.puntaje_subtipo_produccion(id, nombre, descripcion, codigo_abreviacion, activo, caracteristicas, subtipo_produccion, fecha_creacion, fecha_modificacion) VALUES (59,'Direccion de tesis para maestria Laureada','Direccion de tesis para maestria laureada','DTML', 'true','{"Categoria Tesis": "Laureada", "Puntaje": "36"}','34', now(), now());
INSERT INTO produccion_academica.puntaje_subtipo_produccion(id, nombre, descripcion, codigo_abreviacion, activo, caracteristicas, subtipo_produccion, fecha_creacion, fecha_modificacion) VALUES (60,'Direccion de tesis para maestria Meritoria','Direccion de tesis para maestria meritoria','DTMM', 'true','{"Categoria Tesis": "Meritoria", "Puntaje": "32"}','34', now(), now());
INSERT INTO produccion_academica.puntaje_subtipo_produccion(id, nombre, descripcion, codigo_abreviacion, activo, caracteristicas, subtipo_produccion, fecha_creacion, fecha_modificacion) VALUES (61,'Direccion de tesis para maestria Aprobada','Direccion de tesis para maestria aprobada','DTMA', 'true','{"Categoria Tesis": "Aprobada", "Puntaje": "20"}','34', now(), now());
INSERT INTO produccion_academica.puntaje_subtipo_produccion(id, nombre, descripcion, codigo_abreviacion, activo, caracteristicas, subtipo_produccion, fecha_creacion, fecha_modificacion) VALUES (62,'Direccion de tesis para doctorado Laureada','Direccion de tesis para doctorado laureada','DTDL', 'true','{"Categoria Tesis": "Laureada", "Puntaje": "72"}','35', now(), now());
INSERT INTO produccion_academica.puntaje_subtipo_produccion(id, nombre, descripcion, codigo_abreviacion, activo, caracteristicas, subtipo_produccion, fecha_creacion, fecha_modificacion) VALUES (63,'Direccion de tesis para doctorado Meritoria','Direccion de tesis para doctorado meritoria','DTDM', 'true','{"Categoria Tesis": "Meritoria", "Puntaje": "70"}','35', now(), now());
INSERT INTO produccion_academica.puntaje_subtipo_produccion(id, nombre, descripcion, codigo_abreviacion, activo, caracteristicas, subtipo_produccion, fecha_creacion, fecha_modificacion) VALUES (64,'Direccion de tesis para doctorado Aprobada','Direccion de tesis para doctorado aprobada','DTDA', 'true','{"Categoria Tesis": "Aprobada", "Puntaje": "62"}','35', now(), now());

-- 7. tipo metadato
INSERT INTO produccion_academica.tipo_metadato(id,nombre, descripcion, codigo_abreviacion, activo, numero_orden, form_definition, fecha_creacion, fecha_modificacion) VALUES (1,'paginas','Cantidad de páginas','LC', true,1, '{"etiqueta":"input","claseGrid":"col-6","nombre":"1","label_i18n":"paginas","placeholder_i18n":"paginas","requerido":true,"tipo":"text"}', now(), now());
INSERT INTO produccion_academica.tipo_metadato(id,nombre, descripcion, codigo_abreviacion, activo, numero_orden, form_definition, fecha_creacion, fecha_modificacion) VALUES (2,'ISBN','Número ISBN de la publicación','ISBN', true,2, '{"etiqueta":"input","claseGrid":"col-6","nombre":"2","label_i18n":"ISBN","placeholder_i18n":"ISBN","requerido":true,"tipo":"text"}', now(), now());
INSERT INTO produccion_academica.tipo_metadato(id,nombre, descripcion, codigo_abreviacion, activo, numero_orden, form_definition, fecha_creacion, fecha_modificacion) VALUES (3,'Medio de divulgación','Medio de divulgación','MDIV', true,3, '{"etiqueta": "select", "claseGrid":"col-6", "nombre": "3", "label_i18n": "medio_divulgacion", "placeholder_i18n": "medio_divulgacion", "requerido": true, "tipo": "number", "key": "Nombre", "opciones": [{"Id":"1","Nombre":"Papel"},{"Id":"2","Nombre":"Electrónico"}] }', now(), now());
INSERT INTO produccion_academica.tipo_metadato(id,nombre, descripcion, codigo_abreviacion, activo, numero_orden, form_definition, fecha_creacion, fecha_modificacion) VALUES (4,'Tipo de editorial','Tipo de editorial','TED', true,4, '{"etiqueta": "select", "claseGrid":"col-6","nombre": "4","label_i18n": "tipo_editorial","placeholder_i18n": "tipo_editorial","requerido": true,"tipo": "number","key": "Nombre","opciones": [{"Id":"1","Nombre":"Editorial Nacional"},{"Id":"2","Nombre":"Editorial Internacional"},{"Id":"3","Nombre":"Libre indexado BCI"}]}', now(), now());
INSERT INTO produccion_academica.tipo_metadato(id,nombre, descripcion, codigo_abreviacion, activo, numero_orden, form_definition, fecha_creacion, fecha_modificacion) VALUES (5,'Editorial','Nombre de la editorial','EDI', true,5, '{"etiqueta":"input","claseGrid":"col-6","nombre":"5","label_i18n":"editorial","placeholder_i18n":"editorial","requerido":true,"tipo":"text"}', now(), now());
INSERT INTO produccion_academica.tipo_metadato(id,nombre, descripcion, codigo_abreviacion, activo, numero_orden, form_definition, fecha_creacion, fecha_modificacion) VALUES (6,'Titulo del libro','Titulo del libro','TTLL', true,6, '{"etiqueta":"input","claseGrid":"col-6","nombre":"6","label_i18n":"titulo_libro","placeholder_i18n":"titulo_libro","requerido":true,"tipo":"text"}', now(), now());
INSERT INTO produccion_academica.tipo_metadato(id,nombre, descripcion, codigo_abreviacion, activo, numero_orden, form_definition, fecha_creacion, fecha_modificacion) VALUES (7,'Titulo de la revista de publicación','Titulo de la revista de publicación','TTRV', true,7, '{"etiqueta":"input","claseGrid":"col-6","nombre":"7","label_i18n":"titulo_revista","placeholder_i18n":"titulo_revista","requerido":true,"tipo":"text"}', now(), now());
INSERT INTO produccion_academica.tipo_metadato(id,nombre, descripcion, codigo_abreviacion, activo, numero_orden, form_definition, fecha_creacion, fecha_modificacion) VALUES (8,'Volumen','Volumen de la publicación','VOL', true,8, '{"etiqueta":"input","claseGrid":"col-6","nombre":"8","label_i18n":"volumen","placeholder_i18n":"volumen","requerido":false,"tipo":"text"}', now(), now());
INSERT INTO produccion_academica.tipo_metadato(id,nombre, descripcion, codigo_abreviacion, activo, numero_orden, form_definition, fecha_creacion, fecha_modificacion) VALUES (9,'Fasciculo','Fasciculo de la publicación','FASC', true,9, '{"etiqueta":"input","claseGrid":"col-6","nombre":"9","label_i18n":"fasciculo","placeholder_i18n":"fasciculo","requerido":false,"tipo":"text"}', now(), now());
INSERT INTO produccion_academica.tipo_metadato(id,nombre, descripcion, codigo_abreviacion, activo, numero_orden, form_definition, fecha_creacion, fecha_modificacion) VALUES (10,'Serie','Serie de la publicación','SER', true,10, '{"etiqueta":"input","claseGrid":"col-6","nombre":"10","label_i18n":"serie","placeholder_i18n":"serie","requerido":false,"tipo":"text"}', now(), now());
INSERT INTO produccion_academica.tipo_metadato(id,nombre, descripcion, codigo_abreviacion, activo, numero_orden, form_definition, fecha_creacion, fecha_modificacion) VALUES (11,'URL','URL de publicación','URL', true,11, '{"etiqueta":"input","claseGrid":"col-6","nombre":"11","label_i18n":"URL","placeholder_i18n":URL","requerido":false,"tipo":"text"}', now(), now());
INSERT INTO produccion_academica.tipo_metadato(id,nombre, descripcion, codigo_abreviacion, activo, numero_orden, form_definition, fecha_creacion, fecha_modificacion) VALUES (12,'DOI','Codigo DOI de publicación','DOI', true,12, '{"etiqueta":"input","claseGrid":"col-6","nombre":"12","label_i18n":"DOI","placeholder_i18n":"DOI","requerido":false,"tipo":"text"}', now(), now());
INSERT INTO produccion_academica.tipo_metadato(id,nombre, descripcion, codigo_abreviacion, activo, numero_orden, form_definition, fecha_creacion, fecha_modificacion) VALUES (13,'Nombre original','Nombre original de la publicación','NORG', true,13, '{"etiqueta":"input","claseGrid":"col-6","nombre":"13","label_i18n":"nombre_original","placeholder_i18n":"nombre_original","requerido":true,"tipo":"text"}', now(), now());
INSERT INTO produccion_academica.tipo_metadato(id,nombre, descripcion, codigo_abreviacion, activo, numero_orden, form_definition, fecha_creacion, fecha_modificacion) VALUES (14,'Idioma Original','Idioma Original de la publicación','IORG', true,14, '{"etiqueta": "select", "claseGrid":"col-6", "nombre": "14", "label_i18n": "idioma_original", "placeholder_i18n": "idioma_original", "requerido": true, "tipo": "number", "key": "Nombre", "opciones": [{"Id":"1","Nombre":"Español"},{"Id":"2","Nombre":"Inglés"}, {"Id":"3","Nombre":"Portugués"},{"Id":"4","Nombre":"Francés"},{"Id":"5","Nombre":"Italiano"},{"Id":"6","Nombre":"Otro"}] }', now(), now());
INSERT INTO produccion_academica.tipo_metadato(id,nombre, descripcion, codigo_abreviacion, activo, numero_orden, form_definition, fecha_creacion, fecha_modificacion) VALUES (15,'Idioma de traducción','Idioma de traducción de la publicación','ITRD', true,15, '{"etiqueta": "select", "claseGrid":"col-6", "nombre": "15", "label_i18n": "idioma_traduccion", "placeholder_i18n": "idioma_traduccion", "requerido": true, "tipo": "number", "key": "Nombre", "opciones": [{"Id":"1","Nombre":"Español"},{"Id":"2","Nombre":"Inglés"}, {"Id":"3","Nombre":"Portugués"},{"Id":"4","Nombre":"Francés"},{"Id":"5","Nombre":"Italiano"},{"Id":"6","Nombre":"Otro"}] }', now(), now());
INSERT INTO produccion_academica.tipo_metadato(id,nombre, descripcion, codigo_abreviacion, activo, numero_orden, form_definition, fecha_creacion, fecha_modificacion) VALUES (16,'Disciplina','Disciplina','DSC', true,16, '{"etiqueta": "select", "claseGrid":"col-6", "nombre": "16", "label_i18n": "disciplina", "placeholder_i18n": "disciplina", "requerido": true, "tipo": "number", "key": "Nombre", "opciones": [{"Id":"1","Nombre":"Artes plásticas y visuales"},{"Id":"2","Nombre":"Música y musicología"}, {"Id":"3","Nombre":"Danza o artes danzarias"},{"Id":"4","Nombre":"Teatro, dramaturgia o artes escenicas"},{"Id":"5","Nombre":"Artes audiovisuales"},{"Id":"6","Nombre":"Arquitectura y urbanismo"},{"Id":"7","Nombre":"Otras artes"}] }', now(), now());

INSERT INTO produccion_academica.tipo_metadato(id,nombre, descripcion, codigo_abreviacion, activo, numero_orden, form_definition, fecha_creacion, fecha_modificacion) VALUES (17,'Documento','Documento','DOC', true,17, '{"etiqueta":"file","claseGrid":"col-lg-12 col-md-12 col-sm-12 col-xs-12","clase":"form-control","nombre":"17","label_i18n":"soporte_documento","placeholder_i18n":"soporte_documento","requerido":true,"tipo":"pdf","tipoDocumento":2,"formatos":"pdf","url":"","tamanoMaximo":2}', now(), now());

INSERT INTO produccion_academica.tipo_metadato(id,nombre, descripcion, codigo_abreviacion, activo, numero_orden, form_definition, fecha_creacion, fecha_modificacion) VALUES (18,'Institucion o entidad','Nombre de institución o entidad','INEN', true,18, '{"etiqueta":"input","claseGrid":"col-6","nombre":"18","label_i18n":"institucion","placeholder_i18n":"institucion","requerido":true,"tipo":"text"}', now(), now());
INSERT INTO produccion_academica.tipo_metadato(id,nombre, descripcion, codigo_abreviacion, activo, numero_orden, form_definition, fecha_creacion, fecha_modificacion) VALUES (19,'Lugar','Pais, ciudad o lugar','LG', true,19, '{"etiqueta":"input","claseGrid":"col-6","nombre":"19","label_i18n":"lugar","placeholder_i18n":"lugar","requerido":true,"tipo":"text"}', now(), now());
INSERT INTO produccion_academica.tipo_metadato(id,nombre, descripcion, codigo_abreviacion, activo, numero_orden, form_definition, fecha_creacion, fecha_modificacion) VALUES (20,'Numero Resolucion convalidacion','Numero de resolucion de convalidacion','NRCON', true,20, '{"etiqueta":"input","claseGrid":"col-6","nombre":"20","label_i18n":"numero_resolucion","placeholder_i18n":"numero_resolucion","requerido":false,"tipo":"text"}', now(), now());
INSERT INTO produccion_academica.tipo_metadato(id,nombre, descripcion, codigo_abreviacion, activo, numero_orden, form_definition, fecha_creacion, fecha_modificacion) VALUES (21,'Numero Autores','Numero de autores involucrados','NAUT', true,21, '{"etiqueta":"input","claseGrid":"col-6","nombre":"21","label_i18n":"numero_autores","placeholder_i18n":"numero_autores","requerido":true,"tipo":"text"}', now(), now());
INSERT INTO produccion_academica.tipo_metadato(id,nombre, descripcion, codigo_abreviacion, activo, numero_orden, form_definition, fecha_creacion, fecha_modificacion) VALUES (22,'ISSN','Número ISSN de la publicación','ISSN', true,22, '{"etiqueta":"input","claseGrid":"col-6","nombre":"22","label_i18n":"issn","placeholder_i18n":"issn","requerido":true,"tipo":"text"}', now(), now());
INSERT INTO produccion_academica.tipo_metadato(id,nombre, descripcion, codigo_abreviacion, activo, numero_orden, form_definition, fecha_creacion, fecha_modificacion) VALUES (23,'Nombre Capitulo','Nombre capitulo de libro producido','NOMC', true,23, '{"etiqueta":"input","claseGrid":"col-6","nombre":"23","label_i18n":"nombre_capitulo","placeholder_i18n":"nombre_capitulo","requerido":true,"tipo":"text"}', now(), now());
INSERT INTO produccion_academica.tipo_metadato(id,nombre, descripcion, codigo_abreviacion, activo, numero_orden, form_definition, fecha_creacion, fecha_modificacion) VALUES (24,'Numero Capitulo','Numero capitulo de libro producido','NUMC', true,24, '{"etiqueta":"input","claseGrid":"col-6","nombre":"24","label_i18n":"numero_capitulo","placeholder_i18n":"numero_capitulo","requerido":true,"tipo":"text"}', now(), now());
INSERT INTO produccion_academica.tipo_metadato(id,nombre, descripcion, codigo_abreviacion, activo, numero_orden, form_definition, fecha_creacion, fecha_modificacion) VALUES (25,'Paginas Capitulo','Paginas de capitulo de libro producido','PAGC', true,25, '{"etiqueta":"input","claseGrid":"col-6","nombre":"25","label_i18n":"paginas_capitulo","placeholder_i18n":"paginas_capitulo","requerido":true,"tipo":"text"}', now(), now());
INSERT INTO produccion_academica.tipo_metadato(id,nombre, descripcion, codigo_abreviacion, activo, numero_orden, form_definition, fecha_creacion, fecha_modificacion) VALUES (26,'Tiraje','Tiraje de libro','TIRAJ', true,26, '{"etiqueta":"input","claseGrid":"col-6","nombre":"26","label_i18n":"tiraje","placeholder_i18n":"tiraje","requerido":true,"tipo":"text"}', now(), now());
INSERT INTO produccion_academica.tipo_metadato(id,nombre, descripcion, codigo_abreviacion, activo, numero_orden, form_definition, fecha_creacion, fecha_modificacion) VALUES (27,'Caracter Produccion','Caracter de Producción de Video','CARP', true,27, '{"etiqueta":"input","claseGrid":"col-6","nombre":"27","label_i18n":"caracter_procucion","placeholder_i18n":"caracter_procucion","requerido":true,"tipo":"text"}', now(), now());
INSERT INTO produccion_academica.tipo_metadato(id,nombre, descripcion, codigo_abreviacion, activo, numero_orden, form_definition, fecha_creacion, fecha_modificacion) VALUES (28,'Grado Participacion','Grado de participacion de docente en obra artistica o produccion de video','GPD', true,28, '{"etiqueta":"input","claseGrid":"col-6","nombre":"28","label_i18n":"grado_participacion","placeholder_i18n":"grado_participacion","requerido":true,"tipo":"text"}', now(), now());
INSERT INTO produccion_academica.tipo_metadato(id,nombre, descripcion, codigo_abreviacion, activo, numero_orden, form_definition, fecha_creacion, fecha_modificacion) VALUES (29,'Nombre productora','Nombre de productora de producción de video','NPRO', true,29, '{"etiqueta":"input","claseGrid":"col-6","nombre":"29","label_i18n":"nombre_productora","placeholder_i18n":"nombre_productora","requerido":false,"tipo":"text"}', now(), now());
INSERT INTO produccion_academica.tipo_metadato(id,nombre, descripcion, codigo_abreviacion, activo, numero_orden, form_definition, fecha_creacion, fecha_modificacion) VALUES (30,'Telefono productora','Telefono de productora de producción de video','TPRO', true,30, '{"etiqueta":"input","claseGrid":"col-6","nombre":"30","label_i18n":"telefono_productora","placeholder_i18n":"telefono_productora","requerido":false,"tipo":"text"}', now(), now());
INSERT INTO produccion_academica.tipo_metadato(id,nombre, descripcion, codigo_abreviacion, activo, numero_orden, form_definition, fecha_creacion, fecha_modificacion) VALUES (31,'Genero musical','Genero musical en caso de produccion de fonografia','GMF', true,31, '{"etiqueta":"input","claseGrid":"col-6","nombre":"31","label_i18n":"genero_musical","placeholder_i18n":"genero_musical","requerido":false,"tipo":"text"}', now(), now());
INSERT INTO produccion_academica.tipo_metadato(id,nombre, descripcion, codigo_abreviacion, activo, numero_orden, form_definition, fecha_creacion, fecha_modificacion) VALUES (32,'Numero Revista','Numero Revista','NUMREV', true,32, '{"etiqueta":"input","claseGrid":"col-6","nombre":"32","label_i18n":"numero_revista","placeholder_i18n":"numero_revista","requerido":true,"tipo":"text"}', now(), now());
INSERT INTO produccion_academica.tipo_metadato(id,nombre, descripcion, codigo_abreviacion, activo, numero_orden, form_definition, fecha_creacion, fecha_modificacion) VALUES (33,'Tipo de Difusion','Tipo de Difusión','TDSN', true,33, '{"etiqueta":"input","claseGrid":"col-6","nombre":"33","label_i18n":"tipo_difusion","placeholder_i18n":"tipo_difusion","requerido":true,"tipo":"text"}', now(), now());
INSERT INTO produccion_academica.tipo_metadato(id,nombre, descripcion, codigo_abreviacion, activo, numero_orden, form_definition, fecha_creacion, fecha_modificacion) VALUES (34,'Nombre evento','Nombre evento','NEV', true,34, '{"etiqueta":"input","claseGrid":"col-6","nombre":"34","label_i18n":"nombre_evento","placeholder_i18n":"nombre_evento","requerido":true,"tipo":"text"}', now(), now());
INSERT INTO produccion_academica.tipo_metadato(id,nombre, descripcion, codigo_abreviacion, activo, numero_orden, form_definition, fecha_creacion, fecha_modificacion) VALUES (35,'Duracion estudios','Duracion de estudios postdoctorales','DEPD', true,35, '{"etiqueta":"input","claseGrid":"col-6","nombre":"35","label_i18n":"duracion_estudios","placeholder_i18n":"duracion_estudios","requerido":true,"tipo":"text"}', now(), now());
INSERT INTO produccion_academica.tipo_metadato(id,nombre, descripcion, codigo_abreviacion, activo, numero_orden, form_definition, fecha_creacion, fecha_modificacion) VALUES (36,'Nombre Estudiante','Nombre de estudiante','NEST', true,36, '{"etiqueta":"input","claseGrid":"col-6","nombre":"36","label_i18n":"nombre_estudiante","placeholder_i18n":"nombre_estudiante","requerido":true,"tipo":"text"}', now(), now());
INSERT INTO produccion_academica.tipo_metadato(id,nombre, descripcion, codigo_abreviacion, activo, numero_orden, form_definition, fecha_creacion, fecha_modificacion) VALUES (37,'Numero Registro Oficial','Numero de registro oficial aprobado por entidad','NROF', true,37, '{"etiqueta":"input","claseGrid":"col-6","nombre":"37","label_i18n":"numero_registro","placeholder_i18n":"numero_registro","requerido":true,"tipo":"text"}', now(), now());
INSERT INTO produccion_academica.tipo_metadato(id,nombre, descripcion, codigo_abreviacion, activo, numero_orden, form_definition, fecha_creacion, fecha_modificacion) VALUES (38,'Categoria Revista','Categoria Revista de publicacion','CRP', true,38, '{"etiqueta": "select", "claseGrid":"col-6", "nombre": "38", "label_i18n": "categoria_revista", "placeholder_i18n": "categoria_revista", "requerido": true, "tipo": "number", "key": "Nombre", "opciones": [{"Id":"1","Nombre":"A1"},{"Id":"2","Nombre":"A2"},{"Id":"3","Nombre":"B"},{"Id":"4","Nombre":"C"}] }', now(), now());
INSERT INTO produccion_academica.tipo_metadato(id,nombre, descripcion, codigo_abreviacion, activo, numero_orden, form_definition, fecha_creacion, fecha_modificacion) VALUES (39,'Gran area conocimiento','Gran area de Conocimiento','GACT', true,39, '{"etiqueta": "select", "claseGrid":"col-6", "nombre": "39", "label_i18n": "gran_area_conocimiento", "placeholder_i18n": "gran_area_conocimiento", "requerido": true, "tipo": "number", "key": "Nombre", "opciones": [{"Id":"1","Nombre":"Ciencias Agricolas"},{"Id":"2","Nombre":"Ciencias Sociales"},{"Id":"3","Nombre":"Humanidades"},{"Id":"4","Nombre":"Ciencias Naturales"},{"Id":"5","Nombre":"Ingenieria y Tecnologia"},{"Id":"6","Nombre":"Ciencias Medicas y de la Salud"}] }', now(), now());
INSERT INTO produccion_academica.tipo_metadato(id,nombre, descripcion, codigo_abreviacion, activo, numero_orden, form_definition, fecha_creacion, fecha_modificacion) VALUES (40,'Categoria Premio','Categoria Premio','CGP', true,40, '{"etiqueta": "select", "claseGrid":"col-6", "nombre": "40", "label_i18n": "categoria_premio", "placeholder_i18n": "categoria_premio", "requerido": true, "tipo": "number", "key": "Nombre", "opciones": [{"Id":"1","Nombre":"Primer Lugar"},{"Id":"2","Nombre":"Segundo Lugar"},{"Id":"3","Nombre":"Tercer Lugar"},{"Id":"4","Nombre":"Otro"}] }', now(), now());
INSERT INTO produccion_academica.tipo_metadato(id,nombre, descripcion, codigo_abreviacion, activo, numero_orden, form_definition, fecha_creacion, fecha_modificacion) VALUES (41,'Tipo de Obra Audiovisual','Tipo de obra de produccion de video','TOV', true,41, '{"etiqueta": "select", "claseGrid":"col-6", "nombre": "41", "label_i18n": "tipo_obra_video", "placeholder_i18n": "tipo_obra_vodep", "requerido": true, "tipo": "number", "key": "Nombre", "opciones": [{"Id":"1","Nombre":"Didactica"},{"Id":"2","Nombre":"Documental"}] }', now(), now());
INSERT INTO produccion_academica.tipo_metadato(id,nombre, descripcion, codigo_abreviacion, activo, numero_orden, form_definition, fecha_creacion, fecha_modificacion) VALUES (42,'Tipo de Obra Artistica','Tipo de obra artistica','TOA', true,42, '{"etiqueta": "select", "claseGrid":"col-6", "nombre": "42", "label_i18n": "tipo_obra_artistica", "placeholder_i18n": "tipo_obra_artistica", "requerido": true, "tipo": "number", "key": "Nombre", "opciones": [{"Id":"1","Nombre":"Creación Original"},{"Id":"2","Nombre":"Creacion complementaria o de apoyo"},{"Id":"3","Nombre":"Interpretacion de obra"}] }', now(), now());
INSERT INTO produccion_academica.tipo_metadato(id,nombre, descripcion, codigo_abreviacion, activo, numero_orden, form_definition, fecha_creacion, fecha_modificacion) VALUES (43,'Alcance','Alcance de producción  ','ALP', true,43, '{"etiqueta": "select", "claseGrid":"col-6", "nombre": "43", "label_i18n": "alcance_obra", "placeholder_i18n": "alcance_obra", "requerido": true, "tipo": "number", "key": "Nombre", "opciones": [{"Id":"1","Nombre":"Internacional"},{"Id":"2","Nombre":"Nacional"},{"Id":"3","Nombre":"Regional o Local"}] }', now(), now());
INSERT INTO produccion_academica.tipo_metadato(id,nombre, descripcion, codigo_abreviacion, activo, numero_orden, form_definition, fecha_creacion, fecha_modificacion) VALUES (44,'Categoria Tesis','Categoria de reconocimiento de Tesis','CRT', true,44, '{"etiqueta": "select", "claseGrid":"col-6", "nombre": "44", "label_i18n": "categoria_tesis", "placeholder_i18n": "categoria_tesis", "requerido": true, "tipo": "number", "key": "Nombre", "opciones": [{"Id":"1","Nombre":"Laureada"},{"Id":"2","Nombre":"Meritoria"},{"Id":"3","Nombre":"Aprobada"}] }', now(), now());
INSERT INTO produccion_academica.tipo_metadato(id,nombre, descripcion, codigo_abreviacion, activo, numero_orden, form_definition, fecha_creacion, fecha_modificacion) VALUES (45,'Area conocimiento especifica','Area conocimiento especifica','ACES', true,45, '{"etiqueta": "select", "claseGrid":"col-6", "nombre": "45", "label_i18n": "area_conocimiento_especifica", "placeholder_i18n": "area_conocimiento_especifica", "requerido": true, "tipo": "number", "key": "Nombre", "opciones": [{"Id":"1","Nombre":"Agricultura, Silvicultura y Pesca"},{"Id":"2","Nombre":"Ciencias Animales y Lechería"},{"Id":"3","Nombre":"Ciencias Veterinarias"},{"Id":"4","Nombre":"Biotecnología Agrícola"},{"Id":"5","Nombre":"Otras Ciencias Agrícolas"},{"Id":"6","Nombre":"Psicología"},{"Id":"7","Nombre":"Economía y Negocios"},{"Id":"8","Nombre":"Ciencias de la Educación"},{"Id":"9","Nombre":"Sociología"},{"Id":"10","Nombre":"Derecho"},{"Id":"11","Nombre":"Ciencias Políticas"},{"Id":"12","Nombre":"Geografía Social y Económica"},{"Id":"13","Nombre":"Periodismo y Comunicaciones"},{"Id":"14","Nombre":"Otras Ciencias Sociales"},{"Id":"15","Nombre":"Historia y Arqueología"},{"Id":"16","Nombre":"Idiomas y Literatura"},{"Id":"17","Nombre":"Otras Historias"},{"Id":"18","Nombre":"Arte"},{"Id":"19","Nombre":"Otras Humanidades "},{"Id":"20","Nombre":"Matemática"},{"Id":"21","Nombre":"Computación y iencias de la Información"},{"Id":"22","Nombre":"Ciencias Físicas"},{"Id":"23","Nombre":"Ciencias Químicas"},{"Id":"24","Nombre":"Ciencias de la Tierra y Medioambientales"},{"Id":"25","Nombre":"Ciencias Biológicas"},{"Id":"26","Nombre":"Otras Ciencias Naturales"},{"Id":"27","Nombre":"Ingeniería Civil"},{"Id":"28","Nombre":"Ingenierías Eléctricas, Eléctronica e Informática"},{"Id":"29","Nombre":"Ingeniería Mecánica"},{"Id":"30","Nombre":"Ingeniería Química "},{"Id":"31","Nombre":"Ingeniería de los Materiales"},{"Id":"32","Nombre":"Ingeniería Médica "},{"Id":"33","Nombre":"Ingeniería Ambiental"},{"Id":"34","Nombre":"Biotecnología Ambiental"},{"Id":"35","Nombre":"Biotecnología Industrial"},{"Id":"36","Nombre":"Nanotecnología"},{"Id":"37","Nombre":"Otras Ingenierias y Tecnologías"},{"Id":"38","Nombre":"Biotecnología en Salud"},{"Id":"39","Nombre":"Otras Ciencias Médicas"},{"Id":"40","Nombre":"Medicina Básica"},{"Id":"41","Nombre":"Medicina Clínica"},{"Id":"42","Nombre":"Ciencias de la Salud"}]}', now(), now());
INSERT INTO produccion_academica.tipo_metadato(id,nombre, descripcion, codigo_abreviacion, activo, numero_orden, form_definition, fecha_creacion, fecha_modificacion) VALUES (46,'Fecha Convalidacion','Fecha de convalidacion de titulo','FCONV', true,46, '{"etiqueta":"input","claseGrid":"col-6","nombre":"46","label_i18n":"fecha_convalidacion","placeholder_i18n":"fecha_convalidacion","requerido":false,"tipo":"text"}', now(), now());
INSERT INTO produccion_academica.tipo_metadato(id,nombre, descripcion, codigo_abreviacion, activo, numero_orden, form_definition, fecha_creacion, fecha_modificacion) VALUES (47,'Categoria Actual','Categoria Actual del docente','CAAC', true,47, '{"etiqueta":"input","claseGrid":"col-6","nombre":"47","label_i18n":"categoria_actual","placeholder_i18n":"categoria_actual","requerido":true,"tipo":"text"}', now(), now());
INSERT INTO produccion_academica.tipo_metadato(id,nombre, descripcion, codigo_abreviacion, activo, numero_orden, form_definition, fecha_creacion, fecha_modificacion) VALUES (48,'Fecha cambio Categoria','Fecha ultimo cambio de categoria del docente','FUCC', true,48, '{"etiqueta":"input","claseGrid":"col-6","nombre":"48","label_i18n":"fecha_cambio","placeholder_i18n":"fecha_cambio","requerido":true,"tipo":"text"}', now(), now());
INSERT INTO produccion_academica.tipo_metadato(id,nombre, descripcion, codigo_abreviacion, activo, numero_orden, form_definition, fecha_creacion, fecha_modificacion) VALUES (49,'Descripcion obra','Descripcion obra','DOBR', true,49, '{"etiqueta":"input","claseGrid":"col-6","nombre":"49","label_i18n":"descripcion_obra","placeholder_i18n":"descripcion_obra","requerido":true,"tipo":"text"}', now(), now());
INSERT INTO produccion_academica.tipo_metadato(id,nombre, descripcion, codigo_abreviacion, activo, numero_orden, form_definition, fecha_creacion, fecha_modificacion) VALUES (50,'Acta de grado','Acta de grado de título obtenido','ACGR', true,50, '{"etiqueta":"file","claseGrid":"col-lg-6 col-md-6 col-sm-6 col-xs-6","clase":"form-control","nombre":"50","label_i18n":"acta_grado","placeholder_i18n":"acta_grado","requerido":true,"tipo":"pdf","tipoDocumento":2,"formatos":"pdf","url":"","tamanoMaximo":2}', now(), now());
INSERT INTO produccion_academica.tipo_metadato(id,nombre, descripcion, codigo_abreviacion, activo, numero_orden, form_definition, fecha_creacion, fecha_modificacion) VALUES (51,'Convalidación','Resolución de Convalidación','RCV', true,51, '{"etiqueta":"file","claseGrid":"col-lg-6 col-md-6 col-sm-6 col-xs-6","clase":"form-control","nombre":"51","label_i18n":"convalidacion","placeholder_i18n":"convalidacion","requerido":false,"tipo":"pdf","tipoDocumento":2,"formatos":"pdf","url":"","tamanoMaximo":2}', now(), now());
INSERT INTO produccion_academica.tipo_metadato(id,nombre, descripcion, codigo_abreviacion, activo, numero_orden, form_definition, fecha_creacion, fecha_modificacion) VALUES (52,'Certificado evaluacion docente','Certificacion de evaluacion docente del ultimo año','CEVD', true,52, '{"etiqueta":"file","claseGrid":"col-lg-6 col-md-6 col-sm-6 col-xs-6","clase":"form-control","nombre":"52","label_i18n":"certificado_evaluacion","placeholder_i18n":"certificado_evaluacion","requerido":true,"tipo":"pdf","tipoDocumento":2,"formatos":"pdf","url":"","tamanoMaximo":2}', now(), now());
INSERT INTO produccion_academica.tipo_metadato(id,nombre, descripcion, codigo_abreviacion, activo, numero_orden, form_definition, fecha_creacion, fecha_modificacion) VALUES (53,'Trabajo inedito','Trabajo Inedito','TRIN', true,53, '{"etiqueta":"file","claseGrid":"col-lg-6 col-md-6 col-sm-6 col-xs-6","clase":"form-control","nombre":"53","label_i18n":"trabajo_inedito","placeholder_i18n":"trabajo_inedito","requerido":true,"tipo":"pdf","tipoDocumento":2,"formatos":"pdf","url":"","tamanoMaximo":2}', now(), now());
INSERT INTO produccion_academica.tipo_metadato(id,nombre, descripcion, codigo_abreviacion, activo, numero_orden, form_definition, fecha_creacion, fecha_modificacion) VALUES (54,'Reporte Indexación','Reporte de indexación en  PUBLINDEX – MINCIENCIAS','RIX', true,54, '{"etiqueta":"file","claseGrid":"col-lg-6 col-md-6 col-sm-6 col-xs-6","clase":"form-control","nombre":"54","label_i18n":"reporte_indexacion","placeholder_i18n":"reporte_indexacion","requerido":true,"tipo":"pdf","tipoDocumento":2,"formatos":"pdf","url":"","tamanoMaximo":2}', now(), now());
INSERT INTO produccion_academica.tipo_metadato(id,nombre, descripcion, codigo_abreviacion, activo, numero_orden, form_definition, fecha_creacion, fecha_modificacion) VALUES (55,'Articulo','Soporte de Articulo','SART', true,55, '{"etiqueta":"file","claseGrid":"col-lg-6 col-md-6 col-sm-6 col-xs-6","clase":"form-control","nombre":"55","label_i18n":"soporte_articulo","placeholder_i18n":"soporte_articulo","requerido":true,"tipo":"pdf","tipoDocumento":2,"formatos":"pdf","url":"","tamanoMaximo":2}', now(), now());
INSERT INTO produccion_academica.tipo_metadato(id,nombre, descripcion, codigo_abreviacion, activo, numero_orden, form_definition, fecha_creacion, fecha_modificacion) VALUES (56,'Certificado Resultado Investigacion','Certificado resultado investigacion ','CRIN', true,56, '{"etiqueta":"file","claseGrid":"col-lg-6 col-md-6 col-sm-6 col-xs-6","clase":"form-control","nombre":"56","label_i18n":"resultado_investigacion","placeholder_i18n":"resultado_investigacion","requerido":true,"tipo":"pdf","tipoDocumento":2,"formatos":"pdf","url":"","tamanoMaximo":2}', now(), now());
INSERT INTO produccion_academica.tipo_metadato(id,nombre, descripcion, codigo_abreviacion, activo, numero_orden, form_definition, fecha_creacion, fecha_modificacion) VALUES (57,'Libro','Soporte de Libro','SLBR', true,57, '{"etiqueta":"file","claseGrid":"col-lg-6 col-md-6 col-sm-6 col-xs-6","clase":"form-control","nombre":"57","label_i18n":"soporte_libro","placeholder_i18n":"soporte_libro","requerido":true,"tipo":"pdf","tipoDocumento":2,"formatos":"pdf","url":"","tamanoMaximo":2}', now(), now());
INSERT INTO produccion_academica.tipo_metadato(id,nombre, descripcion, codigo_abreviacion, activo, numero_orden, form_definition, fecha_creacion, fecha_modificacion) VALUES (58,'Autorizacion Autor Original','Autorizacion de autor original para realizar traducción','AUAUO', true,58, '{"etiqueta":"file","claseGrid":"col-lg-6 col-md-6 col-sm-6 col-xs-6","clase":"form-control","nombre":"58","label_i18n":"autorizacion_autor","placeholder_i18n":"autorizacion_autor","requerido":true,"tipo":"pdf","tipoDocumento":2,"formatos":"pdf","url":"","tamanoMaximo":2}', now(), now());
INSERT INTO produccion_academica.tipo_metadato(id,nombre, descripcion, codigo_abreviacion, activo, numero_orden, form_definition, fecha_creacion, fecha_modificacion) VALUES (59,'Proceso Selección','Soporte de proceso de selección para premiación','SPSP', true,59, '{"etiqueta":"file","claseGrid":"col-lg-6 col-md-6 col-sm-6 col-xs-6","clase":"form-control","nombre":"59","label_i18n":"soporte_seleccion","placeholder_i18n":"soporte_seleccion","requerido":true,"tipo":"pdf","tipoDocumento":2,"formatos":"pdf","url":"","tamanoMaximo":2}', now(), now());
INSERT INTO produccion_academica.tipo_metadato(id,nombre, descripcion, codigo_abreviacion, activo, numero_orden, form_definition, fecha_creacion, fecha_modificacion) VALUES (60,'Convocatoria','Soporte de convocatoria para premiacion','SCP', true,60, '{"etiqueta":"file","claseGrid":"col-lg-6 col-md-6 col-sm-6 col-xs-6","clase":"form-control","nombre":"60","label_i18n":"soporte_convocatoria","placeholder_i18n":"soporte_convocatoria","requerido":true,"tipo":"pdf","tipoDocumento":2,"formatos":"pdf","url":"","tamanoMaximo":2}', now(), now());
INSERT INTO produccion_academica.tipo_metadato(id,nombre, descripcion, codigo_abreviacion, activo, numero_orden, form_definition, fecha_creacion, fecha_modificacion) VALUES (61,'Certificado Premio','Certificación de premiación','CPR', true,61, '{"etiqueta":"file","claseGrid":"col-lg-6 col-md-6 col-sm-6 col-xs-6","clase":"form-control","nombre":"61","label_i18n":"certificado_premio","placeholder_i18n":"certificado_premio","requerido":true,"tipo":"pdf","tipoDocumento":2,"formatos":"pdf","url":"","tamanoMaximo":2}', now(), now());
INSERT INTO produccion_academica.tipo_metadato(id,nombre, descripcion, codigo_abreviacion, activo, numero_orden, form_definition, fecha_creacion, fecha_modificacion) VALUES (62,'Soporte Difusion','Soporte de Difusión','SDSN', true,62, '{"etiqueta":"file","claseGrid":"col-lg-6 col-md-6 col-sm-6 col-xs-6","clase":"form-control","nombre":"62","label_i18n":"soporte_difusion","placeholder_i18n":"soporte_difusion","requerido":true,"tipo":"pdf","tipoDocumento":2,"formatos":"pdf","url":"","tamanoMaximo":2}', now(), now());
INSERT INTO produccion_academica.tipo_metadato(id,nombre, descripcion, codigo_abreviacion, activo, numero_orden, form_definition, fecha_creacion, fecha_modificacion) VALUES (63,'Soporte impacto internacional','Soporte de impacto internacional','SII', true,63, '{"etiqueta":"file","claseGrid":"col-lg-6 col-md-6 col-sm-6 col-xs-6","clase":"form-control","nombre":"63","label_i18n":"soporte_internacional","placeholder_i18n":"soporte_internacional","requerido":false,"tipo":"pdf","tipoDocumento":2,"formatos":"pdf","url":"","tamanoMaximo":2}', now(), now());
INSERT INTO produccion_academica.tipo_metadato(id,nombre, descripcion, codigo_abreviacion, activo, numero_orden, form_definition, fecha_creacion, fecha_modificacion) VALUES (64,'Certificado derechos de autor','Certificado derechos de autor','CDAU', true,64, '{"etiqueta":"file","claseGrid":"col-lg-6 col-md-6 col-sm-6 col-xs-6","clase":"form-control","nombre":"64","label_i18n":"derechos_autor","placeholder_i18n":"derechos_autor","requerido":true,"tipo":"pdf","tipoDocumento":2,"formatos":"pdf","url":"","tamanoMaximo":2}', now(), now());
INSERT INTO produccion_academica.tipo_metadato(id,nombre, descripcion, codigo_abreviacion, activo, numero_orden, form_definition, fecha_creacion, fecha_modificacion) VALUES (65,'Soporte de Evento','Soporte de evento','SEV', true,65, '{"etiqueta":"file","claseGrid":"col-lg-6 col-md-6 col-sm-6 col-xs-6","clase":"form-control","nombre":"65","label_i18n":"soporte_evento","placeholder_i18n":"soporte_evento","requerido":true,"tipo":"pdf","tipoDocumento":2,"formatos":"pdf","url":"","tamanoMaximo":2}', now(), now());
INSERT INTO produccion_academica.tipo_metadato(id,nombre, descripcion, codigo_abreviacion, activo, numero_orden, form_definition, fecha_creacion, fecha_modificacion) VALUES (66,'Registro Otorgamiento Patente','Registro de otorgamiento de patente','ROP', true,66, '{"etiqueta":"file","claseGrid":"col-lg-6 col-md-6 col-sm-6 col-xs-6","clase":"form-control","nombre":"66","label_i18n":"registro_patente","placeholder_i18n":"registro_patente","requerido":true,"tipo":"pdf","tipoDocumento":2,"formatos":"pdf","url":"","tamanoMaximo":2}', now(), now());
INSERT INTO produccion_academica.tipo_metadato(id,nombre, descripcion, codigo_abreviacion, activo, numero_orden, form_definition, fecha_creacion, fecha_modificacion) VALUES (67,'Certificado registro ministerio','Certificado Registro ministerio de interior y justicia','CRM', true,67, '{"etiqueta":"file","claseGrid":"col-lg-6 col-md-6 col-sm-6 col-xs-6","clase":"form-control","nombre":"67","label_i18n":"certificado_registro","placeholder_i18n":"certificado_registro","requerido":true,"tipo":"pdf","tipoDocumento":2,"formatos":"pdf","url":"","tamanoMaximo":2}', now(), now());
INSERT INTO produccion_academica.tipo_metadato(id,nombre, descripcion, codigo_abreviacion, activo, numero_orden, form_definition, fecha_creacion, fecha_modificacion) VALUES (68,'Manual Tecnico','Manual Tecnico','MTEC', true,68, '{"etiqueta":"file","claseGrid":"col-lg-6 col-md-6 col-sm-6 col-xs-6","clase":"form-control","nombre":"68","label_i18n":"manual_tecnico","placeholder_i18n":"manual_tecnico","requerido":true,"tipo":"pdf","tipoDocumento":2,"formatos":"pdf","url":"","tamanoMaximo":2}', now(), now());
INSERT INTO produccion_academica.tipo_metadato(id,nombre, descripcion, codigo_abreviacion, activo, numero_orden, form_definition, fecha_creacion, fecha_modificacion) VALUES (69,'Instrucciones segun lenguaje','Instrucciones segun lenguaje','ISLG', true,69, '{"etiqueta":"file","claseGrid":"col-lg-6 col-md-6 col-sm-6 col-xs-6","clase":"form-control","nombre":"69","label_i18n":"instrucciones_lenguaje","placeholder_i18n":"instrucciones_lenguaje","requerido":true,"tipo":"pdf","tipoDocumento":2,"formatos":"pdf","url":"","tamanoMaximo":2}', now(), now());
INSERT INTO produccion_academica.tipo_metadato(id,nombre, descripcion, codigo_abreviacion, activo, numero_orden, form_definition, fecha_creacion, fecha_modificacion) VALUES (70,'Certificado Ponencia','Certificado de presentacion de ponencia','SPON', true,70, '{"etiqueta":"file","claseGrid":"col-lg-6 col-md-6 col-sm-6 col-xs-6","clase":"form-control","nombre":"70","label_i18n":"certificado_ponencia","placeholder_i18n":"certificado_ponencia","requerido":true,"tipo":"pdf","tipoDocumento":2,"formatos":"pdf","url":"","tamanoMaximo":2}', now(), now());
INSERT INTO produccion_academica.tipo_metadato(id,nombre, descripcion, codigo_abreviacion, activo, numero_orden, form_definition, fecha_creacion, fecha_modificacion) VALUES (71,'Memorias Evento o Articulo Ponencia','Memorias del evento o articulo presentado en la ponencia','MEAP', true,71, '{"etiqueta":"file","claseGrid":"col-lg-6 col-md-6 col-sm-6 col-xs-6","clase":"form-control","nombre":"71","label_i18n":"memorias_articulo_ponencia","placeholder_i18n":"memorias_articulo_ponencia","requerido":true,"tipo":"pdf","tipoDocumento":2,"formatos":"pdf","url":"","tamanoMaximo":2}', now(), now());
INSERT INTO produccion_academica.tipo_metadato(id,nombre, descripcion, codigo_abreviacion, activo, numero_orden, form_definition, fecha_creacion, fecha_modificacion) VALUES (72,'Publicacion Impresa','Soporte de Publicacion Impresa','SPIM', true,72, '{"etiqueta":"file","claseGrid":"col-lg-6 col-md-6 col-sm-6 col-xs-6","clase":"form-control","nombre":"72","label_i18n":"publicacion_impresa","placeholder_i18n":"publicacion_impresa","requerido":true,"tipo":"pdf","tipoDocumento":2,"formatos":"pdf","url":"","tamanoMaximo":2}', now(), now());
INSERT INTO produccion_academica.tipo_metadato(id,nombre, descripcion, codigo_abreviacion, activo, numero_orden, form_definition, fecha_creacion, fecha_modificacion) VALUES (73,'Reseña Critica','Soporte de Reseña Critica','SRCR', true,73, '{"etiqueta":"file","claseGrid":"col-lg-6 col-md-6 col-sm-6 col-xs-6","clase":"form-control","nombre":"73","label_i18n":"resena_critica","placeholder_i18n":"resena_critica","requerido":true,"tipo":"pdf","tipoDocumento":2,"formatos":"pdf","url":"","tamanoMaximo":2}', now(), now());
INSERT INTO produccion_academica.tipo_metadato(id,nombre, descripcion, codigo_abreviacion, activo, numero_orden, form_definition, fecha_creacion, fecha_modificacion) VALUES (74,'Certificado Secretaria academica','Certificado de secretaria academica de direccion de tesis','CSADT', true,74, '{"etiqueta":"file","claseGrid":"col-lg-6 col-md-6 col-sm-6 col-xs-6","clase":"form-control","nombre":"74","label_i18n":"secretaria_academica","placeholder_i18n":"secretaria_academica","requerido":true,"tipo":"pdf","tipoDocumento":2,"formatos":"pdf","url":"","tamanoMaximo":2}', now(), now());
INSERT INTO produccion_academica.tipo_metadato(id,nombre, descripcion, codigo_abreviacion, activo, numero_orden, form_definition, fecha_creacion, fecha_modificacion) VALUES (75,'Certificado tiraje de editorial','Certificado tiraje de editorial','CTED', true,75, '{"etiqueta":"file","claseGrid":"col-lg-6 col-md-6 col-sm-6 col-xs-6","clase":"form-control","nombre":"75","label_i18n":"tiraje_editorial","placeholder_i18n":"tiraje_editorial","requerido":true,"tipo":"pdf","tipoDocumento":2,"formatos":"pdf","url":"","tamanoMaximo":2}', now(), now());
INSERT INTO produccion_academica.tipo_metadato(id,nombre, descripcion, codigo_abreviacion, activo, numero_orden, form_definition, fecha_creacion, fecha_modificacion) VALUES (76,'Acta grado Pregrado','Acta de grado de pregrado obtenido','APRG', true,75, '{"etiqueta":"file","claseGrid":"col-lg-6 col-md-6 col-sm-6 col-xs-6","clase":"form-control","nombre":"75","label_i18n":"acta_pregrado","placeholder_i18n":"acta_pregrado","requerido":true,"tipo":"pdf","tipoDocumento":2,"formatos":"pdf","url":"","tamanoMaximo":2}', now(), now());
INSERT INTO produccion_academica.tipo_metadato(id,nombre, descripcion, codigo_abreviacion, activo, numero_orden, form_definition, fecha_creacion, fecha_modificacion) VALUES (77,'Acta grado Especializacion','Acta de grado de especializacion obtenido','AGESP', true,76, '{"etiqueta":"file","claseGrid":"col-lg-6 col-md-6 col-sm-6 col-xs-6","clase":"form-control","nombre":"76","label_i18n":"acta_especializacion","placeholder_i18n":"acta_especializacion","requerido":true,"tipo":"pdf","tipoDocumento":2,"formatos":"pdf","url":"","tamanoMaximo":2}', now(), now());
INSERT INTO produccion_academica.tipo_metadato(id,nombre, descripcion, codigo_abreviacion, activo, numero_orden, form_definition, fecha_creacion, fecha_modificacion) VALUES (78,'Acta grado Maestria','Acta de grado de Maestria obtenida','AGMAS', true,77, '{"etiqueta":"file","claseGrid":"col-lg-6 col-md-6 col-sm-6 col-xs-6","clase":"form-control","nombre":"77","label_i18n":"acta_maestria","placeholder_i18n":"acta_maestria","requerido":true,"tipo":"pdf","tipoDocumento":2,"formatos":"pdf","url":"","tamanoMaximo":2}', now(), now());
INSERT INTO produccion_academica.tipo_metadato(id,nombre, descripcion, codigo_abreviacion, activo, numero_orden, form_definition, fecha_creacion, fecha_modificacion) VALUES (79,'Acta grado Doctorado','Acta de grado de Doctorado obtenido','AGDOC', true,78, '{"etiqueta":"file","claseGrid":"col-lg-6 col-md-6 col-sm-6 col-xs-6","clase":"form-control","nombre":"49","label_i18n":"acta_doctorado","placeholder_i18n":"acta_doctorado","requerido":true,"tipo":"pdf","tipoDocumento":2,"formatos":"pdf","url":"","tamanoMaximo":2}', now(), now());
INSERT INTO produccion_academica.tipo_metadato(id,nombre, descripcion, codigo_abreviacion, activo, numero_orden, form_definition, fecha_creacion, fecha_modificacion) VALUES (80,'Soporte Archivo audiovisual ','Soporte archivo audiovisual','SAAV', true,79, '{"etiqueta":"file","claseGrid":"col-lg-6 col-md--6 col-sm-6 col-xs-6","clase":"form-control","nombre":"79","label_i18n":"soporte_audiovisual","placeholder_i18n":"soporte_audiovisual","requerido":true,"tipo":"pdf","tipoDocumento":2,"formatos":"pdf","url":"","tamanoMaximo":2}', now(), now());
INSERT INTO produccion_academica.tipo_metadato(id,nombre, descripcion, codigo_abreviacion, activo, numero_orden, form_definition, fecha_creacion, fecha_modificacion) VALUES (81,'Ejecutable Software ','Ejecutable del producto de software','EPSW', true,80, '{"etiqueta":"file","claseGrid":"col-lg-6 col-md-6 col-sm-6 col-xs-6","clase":"form-control","nombre":"80","label_i18n":"ejecutable_software","placeholder_i18n":"ejecutable_software","requerido":true,"tipo":"pdf","tipoDocumento":2,"formatos":"pdf","url":"","tamanoMaximo":2}', now(), now());
INSERT INTO produccion_academica.tipo_metadato(id,nombre, descripcion, codigo_abreviacion, activo, numero_orden, form_definition, fecha_creacion, fecha_modificacion) VALUES (82,'Codigo Fuente Software','Codigo fuente del producto de software','CFPSW', true,81, '{"etiqueta":"file","claseGrid":"col-lg-6 col-md-6 col-sm-6 col-xs-6","clase":"form-control","nombre":"81","label_i18n":"codigo_software","placeholder_i18n":"codigo_software","requerido":true,"tipo":"pdf","tipoDocumento":2,"formatos":"pdf","url":"","tamanoMaximo":2}', now(), now());

-- 8. metadato subtipo produccion
INSERT INTO produccion_academica.metadato_subtipo_produccion(id, activo, tipo_metadato_id, subtipo_produccion_id, fecha_creacion, fecha_modificacion) VALUES (1,true,47,1, now(), now());
INSERT INTO produccion_academica.metadato_subtipo_produccion(id, activo, tipo_metadato_id, subtipo_produccion_id, fecha_creacion, fecha_modificacion) VALUES (2,true,48,1, now(), now());
INSERT INTO produccion_academica.metadato_subtipo_produccion(id, activo, tipo_metadato_id, subtipo_produccion_id, fecha_creacion, fecha_modificacion) VALUES (3,true,76,1, now(), now());
INSERT INTO produccion_academica.metadato_subtipo_produccion(id, activo, tipo_metadato_id, subtipo_produccion_id, fecha_creacion, fecha_modificacion) VALUES (4,true,77,1, now(), now());
INSERT INTO produccion_academica.metadato_subtipo_produccion(id, activo, tipo_metadato_id, subtipo_produccion_id, fecha_creacion, fecha_modificacion) VALUES (5,true,52,1, now(), now());
INSERT INTO produccion_academica.metadato_subtipo_produccion(id, activo, tipo_metadato_id, subtipo_produccion_id, fecha_creacion, fecha_modificacion) VALUES (6,true,53,1, now(), now());
INSERT INTO produccion_academica.metadato_subtipo_produccion(id, activo, tipo_metadato_id, subtipo_produccion_id, fecha_creacion, fecha_modificacion) VALUES (7,true,47,2, now(), now());
INSERT INTO produccion_academica.metadato_subtipo_produccion(id, activo, tipo_metadato_id, subtipo_produccion_id, fecha_creacion, fecha_modificacion) VALUES (8,true,48,2, now(), now());
INSERT INTO produccion_academica.metadato_subtipo_produccion(id, activo, tipo_metadato_id, subtipo_produccion_id, fecha_creacion, fecha_modificacion) VALUES (9,true,76,2, now(), now());
INSERT INTO produccion_academica.metadato_subtipo_produccion(id, activo, tipo_metadato_id, subtipo_produccion_id, fecha_creacion, fecha_modificacion) VALUES (10,true,78,2, now(), now());
INSERT INTO produccion_academica.metadato_subtipo_produccion(id, activo, tipo_metadato_id, subtipo_produccion_id, fecha_creacion, fecha_modificacion) VALUES (11,true,79,2, now(), now());
INSERT INTO produccion_academica.metadato_subtipo_produccion(id, activo, tipo_metadato_id, subtipo_produccion_id, fecha_creacion, fecha_modificacion) VALUES (12,true,52,2, now(), now());
INSERT INTO produccion_academica.metadato_subtipo_produccion(id, activo, tipo_metadato_id, subtipo_produccion_id, fecha_creacion, fecha_modificacion) VALUES (13,true,53,2, now(), now());
INSERT INTO produccion_academica.metadato_subtipo_produccion(id, activo, tipo_metadato_id, subtipo_produccion_id, fecha_creacion, fecha_modificacion) VALUES (14,true,47,3, now(), now());
INSERT INTO produccion_academica.metadato_subtipo_produccion(id, activo, tipo_metadato_id, subtipo_produccion_id, fecha_creacion, fecha_modificacion) VALUES (15,true,48,3, now(), now());
INSERT INTO produccion_academica.metadato_subtipo_produccion(id, activo, tipo_metadato_id, subtipo_produccion_id, fecha_creacion, fecha_modificacion) VALUES (16,true,76,3, now(), now());
INSERT INTO produccion_academica.metadato_subtipo_produccion(id, activo, tipo_metadato_id, subtipo_produccion_id, fecha_creacion, fecha_modificacion) VALUES (17,true,78,3, now(), now());
INSERT INTO produccion_academica.metadato_subtipo_produccion(id, activo, tipo_metadato_id, subtipo_produccion_id, fecha_creacion, fecha_modificacion) VALUES (18,true,79,3, now(), now());
INSERT INTO produccion_academica.metadato_subtipo_produccion(id, activo, tipo_metadato_id, subtipo_produccion_id, fecha_creacion, fecha_modificacion) VALUES (19,true,52,3, now(), now());
INSERT INTO produccion_academica.metadato_subtipo_produccion(id, activo, tipo_metadato_id, subtipo_produccion_id, fecha_creacion, fecha_modificacion) VALUES (20,true,53,3, now(), now());
INSERT INTO produccion_academica.metadato_subtipo_produccion(id, activo, tipo_metadato_id, subtipo_produccion_id, fecha_creacion, fecha_modificacion) VALUES (21,true,18,4, now(), now());
INSERT INTO produccion_academica.metadato_subtipo_produccion(id, activo, tipo_metadato_id, subtipo_produccion_id, fecha_creacion, fecha_modificacion) VALUES (22,true,19,4, now(), now());
INSERT INTO produccion_academica.metadato_subtipo_produccion(id, activo, tipo_metadato_id, subtipo_produccion_id, fecha_creacion, fecha_modificacion) VALUES (23,true,20,4, now(), now());
INSERT INTO produccion_academica.metadato_subtipo_produccion(id, activo, tipo_metadato_id, subtipo_produccion_id, fecha_creacion, fecha_modificacion) VALUES (24,true,46,4, now(), now());
INSERT INTO produccion_academica.metadato_subtipo_produccion(id, activo, tipo_metadato_id, subtipo_produccion_id, fecha_creacion, fecha_modificacion) VALUES (25,true,50,4, now(), now());
INSERT INTO produccion_academica.metadato_subtipo_produccion(id, activo, tipo_metadato_id, subtipo_produccion_id, fecha_creacion, fecha_modificacion) VALUES (26,true,51,4, now(), now());
INSERT INTO produccion_academica.metadato_subtipo_produccion(id, activo, tipo_metadato_id, subtipo_produccion_id, fecha_creacion, fecha_modificacion) VALUES (27,true,18,5, now(), now());
INSERT INTO produccion_academica.metadato_subtipo_produccion(id, activo, tipo_metadato_id, subtipo_produccion_id, fecha_creacion, fecha_modificacion) VALUES (28,true,19,5, now(), now());
INSERT INTO produccion_academica.metadato_subtipo_produccion(id, activo, tipo_metadato_id, subtipo_produccion_id, fecha_creacion, fecha_modificacion) VALUES (29,true,20,5, now(), now());
INSERT INTO produccion_academica.metadato_subtipo_produccion(id, activo, tipo_metadato_id, subtipo_produccion_id, fecha_creacion, fecha_modificacion) VALUES (30,true,46,5, now(), now());
INSERT INTO produccion_academica.metadato_subtipo_produccion(id, activo, tipo_metadato_id, subtipo_produccion_id, fecha_creacion, fecha_modificacion) VALUES (31,true,50,5, now(), now());
INSERT INTO produccion_academica.metadato_subtipo_produccion(id, activo, tipo_metadato_id, subtipo_produccion_id, fecha_creacion, fecha_modificacion) VALUES (32,true,51,5, now(), now());
INSERT INTO produccion_academica.metadato_subtipo_produccion(id, activo, tipo_metadato_id, subtipo_produccion_id, fecha_creacion, fecha_modificacion) VALUES (33,true,18,6, now(), now());
INSERT INTO produccion_academica.metadato_subtipo_produccion(id, activo, tipo_metadato_id, subtipo_produccion_id, fecha_creacion, fecha_modificacion) VALUES (34,true,19,6, now(), now());
INSERT INTO produccion_academica.metadato_subtipo_produccion(id, activo, tipo_metadato_id, subtipo_produccion_id, fecha_creacion, fecha_modificacion) VALUES (35,true,20,6, now(), now());
INSERT INTO produccion_academica.metadato_subtipo_produccion(id, activo, tipo_metadato_id, subtipo_produccion_id, fecha_creacion, fecha_modificacion) VALUES (36,true,46,6, now(), now());
INSERT INTO produccion_academica.metadato_subtipo_produccion(id, activo, tipo_metadato_id, subtipo_produccion_id, fecha_creacion, fecha_modificacion) VALUES (37,true,50,6, now(), now());
INSERT INTO produccion_academica.metadato_subtipo_produccion(id, activo, tipo_metadato_id, subtipo_produccion_id, fecha_creacion, fecha_modificacion) VALUES (38,true,51,6, now(), now());
INSERT INTO produccion_academica.metadato_subtipo_produccion(id, activo, tipo_metadato_id, subtipo_produccion_id, fecha_creacion, fecha_modificacion) VALUES (39,true,38,7, now(), now());
INSERT INTO produccion_academica.metadato_subtipo_produccion(id, activo, tipo_metadato_id, subtipo_produccion_id, fecha_creacion, fecha_modificacion) VALUES (40,true,21,7, now(), now());
INSERT INTO produccion_academica.metadato_subtipo_produccion(id, activo, tipo_metadato_id, subtipo_produccion_id, fecha_creacion, fecha_modificacion) VALUES (41,true,7,7, now(), now());
INSERT INTO produccion_academica.metadato_subtipo_produccion(id, activo, tipo_metadato_id, subtipo_produccion_id, fecha_creacion, fecha_modificacion) VALUES (42,true,22,7, now(), now());
INSERT INTO produccion_academica.metadato_subtipo_produccion(id, activo, tipo_metadato_id, subtipo_produccion_id, fecha_creacion, fecha_modificacion) VALUES (43,true,8,7, now(), now());
INSERT INTO produccion_academica.metadato_subtipo_produccion(id, activo, tipo_metadato_id, subtipo_produccion_id, fecha_creacion, fecha_modificacion) VALUES (44,true,1,7, now(), now());
INSERT INTO produccion_academica.metadato_subtipo_produccion(id, activo, tipo_metadato_id, subtipo_produccion_id, fecha_creacion, fecha_modificacion) VALUES (45,true,12,7, now(), now());
INSERT INTO produccion_academica.metadato_subtipo_produccion(id, activo, tipo_metadato_id, subtipo_produccion_id, fecha_creacion, fecha_modificacion) VALUES (46,true,32,7, now(), now());
INSERT INTO produccion_academica.metadato_subtipo_produccion(id, activo, tipo_metadato_id, subtipo_produccion_id, fecha_creacion, fecha_modificacion) VALUES (47,true,54,7, now(), now());
INSERT INTO produccion_academica.metadato_subtipo_produccion(id, activo, tipo_metadato_id, subtipo_produccion_id, fecha_creacion, fecha_modificacion) VALUES (48,true,55,7, now(), now());
INSERT INTO produccion_academica.metadato_subtipo_produccion(id, activo, tipo_metadato_id, subtipo_produccion_id, fecha_creacion, fecha_modificacion) VALUES (49,true,38,8, now(), now());
INSERT INTO produccion_academica.metadato_subtipo_produccion(id, activo, tipo_metadato_id, subtipo_produccion_id, fecha_creacion, fecha_modificacion) VALUES (50,true,21,8, now(), now());
INSERT INTO produccion_academica.metadato_subtipo_produccion(id, activo, tipo_metadato_id, subtipo_produccion_id, fecha_creacion, fecha_modificacion) VALUES (51,true,7,8, now(), now());
INSERT INTO produccion_academica.metadato_subtipo_produccion(id, activo, tipo_metadato_id, subtipo_produccion_id, fecha_creacion, fecha_modificacion) VALUES (52,true,22,8, now(), now());
INSERT INTO produccion_academica.metadato_subtipo_produccion(id, activo, tipo_metadato_id, subtipo_produccion_id, fecha_creacion, fecha_modificacion) VALUES (53,true,8,8, now(), now());
INSERT INTO produccion_academica.metadato_subtipo_produccion(id, activo, tipo_metadato_id, subtipo_produccion_id, fecha_creacion, fecha_modificacion) VALUES (54,true,1,8, now(), now());
INSERT INTO produccion_academica.metadato_subtipo_produccion(id, activo, tipo_metadato_id, subtipo_produccion_id, fecha_creacion, fecha_modificacion) VALUES (55,true,12,8, now(), now());
INSERT INTO produccion_academica.metadato_subtipo_produccion(id, activo, tipo_metadato_id, subtipo_produccion_id, fecha_creacion, fecha_modificacion) VALUES (56,true,32,8, now(), now());
INSERT INTO produccion_academica.metadato_subtipo_produccion(id, activo, tipo_metadato_id, subtipo_produccion_id, fecha_creacion, fecha_modificacion) VALUES (57,true,54,8, now(), now());
INSERT INTO produccion_academica.metadato_subtipo_produccion(id, activo, tipo_metadato_id, subtipo_produccion_id, fecha_creacion, fecha_modificacion) VALUES (58,true,55,8, now(), now());
INSERT INTO produccion_academica.metadato_subtipo_produccion(id, activo, tipo_metadato_id, subtipo_produccion_id, fecha_creacion, fecha_modificacion) VALUES (59,true,38,9, now(), now());
INSERT INTO produccion_academica.metadato_subtipo_produccion(id, activo, tipo_metadato_id, subtipo_produccion_id, fecha_creacion, fecha_modificacion) VALUES (60,true,21,9, now(), now());
INSERT INTO produccion_academica.metadato_subtipo_produccion(id, activo, tipo_metadato_id, subtipo_produccion_id, fecha_creacion, fecha_modificacion) VALUES (61,true,7,9, now(), now());
INSERT INTO produccion_academica.metadato_subtipo_produccion(id, activo, tipo_metadato_id, subtipo_produccion_id, fecha_creacion, fecha_modificacion) VALUES (62,true,22,9, now(), now());
INSERT INTO produccion_academica.metadato_subtipo_produccion(id, activo, tipo_metadato_id, subtipo_produccion_id, fecha_creacion, fecha_modificacion) VALUES (63,true,8,9, now(), now());
INSERT INTO produccion_academica.metadato_subtipo_produccion(id, activo, tipo_metadato_id, subtipo_produccion_id, fecha_creacion, fecha_modificacion) VALUES (64,true,1,9, now(), now());
INSERT INTO produccion_academica.metadato_subtipo_produccion(id, activo, tipo_metadato_id, subtipo_produccion_id, fecha_creacion, fecha_modificacion) VALUES (65,true,12,9, now(), now());
INSERT INTO produccion_academica.metadato_subtipo_produccion(id, activo, tipo_metadato_id, subtipo_produccion_id, fecha_creacion, fecha_modificacion) VALUES (66,true,32,9, now(), now());
INSERT INTO produccion_academica.metadato_subtipo_produccion(id, activo, tipo_metadato_id, subtipo_produccion_id, fecha_creacion, fecha_modificacion) VALUES (67,true,54,9, now(), now());
INSERT INTO produccion_academica.metadato_subtipo_produccion(id, activo, tipo_metadato_id, subtipo_produccion_id, fecha_creacion, fecha_modificacion) VALUES (68,true,55,9, now(), now());
INSERT INTO produccion_academica.metadato_subtipo_produccion(id, activo, tipo_metadato_id, subtipo_produccion_id, fecha_creacion, fecha_modificacion) VALUES (69,true,39,10, now(), now());
INSERT INTO produccion_academica.metadato_subtipo_produccion(id, activo, tipo_metadato_id, subtipo_produccion_id, fecha_creacion, fecha_modificacion) VALUES (70,true,45,10, now(), now());
INSERT INTO produccion_academica.metadato_subtipo_produccion(id, activo, tipo_metadato_id, subtipo_produccion_id, fecha_creacion, fecha_modificacion) VALUES (71,true,21,10, now(), now());
INSERT INTO produccion_academica.metadato_subtipo_produccion(id, activo, tipo_metadato_id, subtipo_produccion_id, fecha_creacion, fecha_modificacion) VALUES (72,true,2,10, now(), now());
INSERT INTO produccion_academica.metadato_subtipo_produccion(id, activo, tipo_metadato_id, subtipo_produccion_id, fecha_creacion, fecha_modificacion) VALUES (73,true,5,10, now(), now());
INSERT INTO produccion_academica.metadato_subtipo_produccion(id, activo, tipo_metadato_id, subtipo_produccion_id, fecha_creacion, fecha_modificacion) VALUES (74,true,1,10, now(), now());
INSERT INTO produccion_academica.metadato_subtipo_produccion(id, activo, tipo_metadato_id, subtipo_produccion_id, fecha_creacion, fecha_modificacion) VALUES (75,true,26,10, now(), now());
INSERT INTO produccion_academica.metadato_subtipo_produccion(id, activo, tipo_metadato_id, subtipo_produccion_id, fecha_creacion, fecha_modificacion) VALUES (76,true,56,10, now(), now());
INSERT INTO produccion_academica.metadato_subtipo_produccion(id, activo, tipo_metadato_id, subtipo_produccion_id, fecha_creacion, fecha_modificacion) VALUES (77,true,75,10, now(), now());
INSERT INTO produccion_academica.metadato_subtipo_produccion(id, activo, tipo_metadato_id, subtipo_produccion_id, fecha_creacion, fecha_modificacion) VALUES (78,true,57,10, now(), now());
INSERT INTO produccion_academica.metadato_subtipo_produccion(id, activo, tipo_metadato_id, subtipo_produccion_id, fecha_creacion, fecha_modificacion) VALUES (79,true,39,11, now(), now());
INSERT INTO produccion_academica.metadato_subtipo_produccion(id, activo, tipo_metadato_id, subtipo_produccion_id, fecha_creacion, fecha_modificacion) VALUES (80,true,45,11, now(), now());
INSERT INTO produccion_academica.metadato_subtipo_produccion(id, activo, tipo_metadato_id, subtipo_produccion_id, fecha_creacion, fecha_modificacion) VALUES (81,true,21,11, now(), now());
INSERT INTO produccion_academica.metadato_subtipo_produccion(id, activo, tipo_metadato_id, subtipo_produccion_id, fecha_creacion, fecha_modificacion) VALUES (82,true,5,11, now(), now());
INSERT INTO produccion_academica.metadato_subtipo_produccion(id, activo, tipo_metadato_id, subtipo_produccion_id, fecha_creacion, fecha_modificacion) VALUES (83,true,2,11, now(), now());
INSERT INTO produccion_academica.metadato_subtipo_produccion(id, activo, tipo_metadato_id, subtipo_produccion_id, fecha_creacion, fecha_modificacion) VALUES (84,true,1,11, now(), now());
INSERT INTO produccion_academica.metadato_subtipo_produccion(id, activo, tipo_metadato_id, subtipo_produccion_id, fecha_creacion, fecha_modificacion) VALUES (85,true,26,11, now(), now());
INSERT INTO produccion_academica.metadato_subtipo_produccion(id, activo, tipo_metadato_id, subtipo_produccion_id, fecha_creacion, fecha_modificacion) VALUES (86,true,75,11, now(), now());
INSERT INTO produccion_academica.metadato_subtipo_produccion(id, activo, tipo_metadato_id, subtipo_produccion_id, fecha_creacion, fecha_modificacion) VALUES (87,true,57,11, now(), now());
INSERT INTO produccion_academica.metadato_subtipo_produccion(id, activo, tipo_metadato_id, subtipo_produccion_id, fecha_creacion, fecha_modificacion) VALUES (88,true,39,12, now(), now());
INSERT INTO produccion_academica.metadato_subtipo_produccion(id, activo, tipo_metadato_id, subtipo_produccion_id, fecha_creacion, fecha_modificacion) VALUES (89,true,45,12, now(), now());
INSERT INTO produccion_academica.metadato_subtipo_produccion(id, activo, tipo_metadato_id, subtipo_produccion_id, fecha_creacion, fecha_modificacion) VALUES (90,true,21,12, now(), now());
INSERT INTO produccion_academica.metadato_subtipo_produccion(id, activo, tipo_metadato_id, subtipo_produccion_id, fecha_creacion, fecha_modificacion) VALUES (91,true,5,12, now(), now());
INSERT INTO produccion_academica.metadato_subtipo_produccion(id, activo, tipo_metadato_id, subtipo_produccion_id, fecha_creacion, fecha_modificacion) VALUES (92,true,2,12, now(), now());
INSERT INTO produccion_academica.metadato_subtipo_produccion(id, activo, tipo_metadato_id, subtipo_produccion_id, fecha_creacion, fecha_modificacion) VALUES (93,true,1,12, now(), now());
INSERT INTO produccion_academica.metadato_subtipo_produccion(id, activo, tipo_metadato_id, subtipo_produccion_id, fecha_creacion, fecha_modificacion) VALUES (94,true,26,12, now(), now());
INSERT INTO produccion_academica.metadato_subtipo_produccion(id, activo, tipo_metadato_id, subtipo_produccion_id, fecha_creacion, fecha_modificacion) VALUES (95,true,75,12, now(), now());
INSERT INTO produccion_academica.metadato_subtipo_produccion(id, activo, tipo_metadato_id, subtipo_produccion_id, fecha_creacion, fecha_modificacion) VALUES (96,true,57,12, now(), now());
INSERT INTO produccion_academica.metadato_subtipo_produccion(id, activo, tipo_metadato_id, subtipo_produccion_id, fecha_creacion, fecha_modificacion) VALUES (97,true,39,13, now(), now());
INSERT INTO produccion_academica.metadato_subtipo_produccion(id, activo, tipo_metadato_id, subtipo_produccion_id, fecha_creacion, fecha_modificacion) VALUES (98,true,45,13, now(), now());
INSERT INTO produccion_academica.metadato_subtipo_produccion(id, activo, tipo_metadato_id, subtipo_produccion_id, fecha_creacion, fecha_modificacion) VALUES (99,true,21,13, now(), now());
INSERT INTO produccion_academica.metadato_subtipo_produccion(id, activo, tipo_metadato_id, subtipo_produccion_id, fecha_creacion, fecha_modificacion) VALUES (100,true,5,13, now(), now());
INSERT INTO produccion_academica.metadato_subtipo_produccion(id, activo, tipo_metadato_id, subtipo_produccion_id, fecha_creacion, fecha_modificacion) VALUES (101,true,2,13, now(), now());
INSERT INTO produccion_academica.metadato_subtipo_produccion(id, activo, tipo_metadato_id, subtipo_produccion_id, fecha_creacion, fecha_modificacion) VALUES (102,true,1,13, now(), now());
INSERT INTO produccion_academica.metadato_subtipo_produccion(id, activo, tipo_metadato_id, subtipo_produccion_id, fecha_creacion, fecha_modificacion) VALUES (103,true,26,13, now(), now());
INSERT INTO produccion_academica.metadato_subtipo_produccion(id, activo, tipo_metadato_id, subtipo_produccion_id, fecha_creacion, fecha_modificacion) VALUES (104,true,23,13, now(), now());
INSERT INTO produccion_academica.metadato_subtipo_produccion(id, activo, tipo_metadato_id, subtipo_produccion_id, fecha_creacion, fecha_modificacion) VALUES (105,true,24,13, now(), now());
INSERT INTO produccion_academica.metadato_subtipo_produccion(id, activo, tipo_metadato_id, subtipo_produccion_id, fecha_creacion, fecha_modificacion) VALUES (106,true,25,13, now(), now());
INSERT INTO produccion_academica.metadato_subtipo_produccion(id, activo, tipo_metadato_id, subtipo_produccion_id, fecha_creacion, fecha_modificacion) VALUES (107,true,75,13, now(), now());
INSERT INTO produccion_academica.metadato_subtipo_produccion(id, activo, tipo_metadato_id, subtipo_produccion_id, fecha_creacion, fecha_modificacion) VALUES (108,true,56,13, now(), now());
INSERT INTO produccion_academica.metadato_subtipo_produccion(id, activo, tipo_metadato_id, subtipo_produccion_id, fecha_creacion, fecha_modificacion) VALUES (109,true,57,13, now(), now());
INSERT INTO produccion_academica.metadato_subtipo_produccion(id, activo, tipo_metadato_id, subtipo_produccion_id, fecha_creacion, fecha_modificacion) VALUES (110,true,39,14, now(), now());
INSERT INTO produccion_academica.metadato_subtipo_produccion(id, activo, tipo_metadato_id, subtipo_produccion_id, fecha_creacion, fecha_modificacion) VALUES (111,true,45,14, now(), now());
INSERT INTO produccion_academica.metadato_subtipo_produccion(id, activo, tipo_metadato_id, subtipo_produccion_id, fecha_creacion, fecha_modificacion) VALUES (112,true,21,14, now(), now());
INSERT INTO produccion_academica.metadato_subtipo_produccion(id, activo, tipo_metadato_id, subtipo_produccion_id, fecha_creacion, fecha_modificacion) VALUES (113,true,5,14, now(), now());
INSERT INTO produccion_academica.metadato_subtipo_produccion(id, activo, tipo_metadato_id, subtipo_produccion_id, fecha_creacion, fecha_modificacion) VALUES (114,true,2,14, now(), now());
INSERT INTO produccion_academica.metadato_subtipo_produccion(id, activo, tipo_metadato_id, subtipo_produccion_id, fecha_creacion, fecha_modificacion) VALUES (115,true,1,14, now(), now());
INSERT INTO produccion_academica.metadato_subtipo_produccion(id, activo, tipo_metadato_id, subtipo_produccion_id, fecha_creacion, fecha_modificacion) VALUES (116,true,26,14, now(), now());
INSERT INTO produccion_academica.metadato_subtipo_produccion(id, activo, tipo_metadato_id, subtipo_produccion_id, fecha_creacion, fecha_modificacion) VALUES (117,true,23,14, now(), now());
INSERT INTO produccion_academica.metadato_subtipo_produccion(id, activo, tipo_metadato_id, subtipo_produccion_id, fecha_creacion, fecha_modificacion) VALUES (118,true,24,14, now(), now());
INSERT INTO produccion_academica.metadato_subtipo_produccion(id, activo, tipo_metadato_id, subtipo_produccion_id, fecha_creacion, fecha_modificacion) VALUES (119,true,25,14, now(), now());
INSERT INTO produccion_academica.metadato_subtipo_produccion(id, activo, tipo_metadato_id, subtipo_produccion_id, fecha_creacion, fecha_modificacion) VALUES (120,true,75,14, now(), now());
INSERT INTO produccion_academica.metadato_subtipo_produccion(id, activo, tipo_metadato_id, subtipo_produccion_id, fecha_creacion, fecha_modificacion) VALUES (121,true,57,14, now(), now());
INSERT INTO produccion_academica.metadato_subtipo_produccion(id, activo, tipo_metadato_id, subtipo_produccion_id, fecha_creacion, fecha_modificacion) VALUES (122,true,39,15, now(), now());
INSERT INTO produccion_academica.metadato_subtipo_produccion(id, activo, tipo_metadato_id, subtipo_produccion_id, fecha_creacion, fecha_modificacion) VALUES (123,true,45,15, now(), now());
INSERT INTO produccion_academica.metadato_subtipo_produccion(id, activo, tipo_metadato_id, subtipo_produccion_id, fecha_creacion, fecha_modificacion) VALUES (124,true,21,15, now(), now());
INSERT INTO produccion_academica.metadato_subtipo_produccion(id, activo, tipo_metadato_id, subtipo_produccion_id, fecha_creacion, fecha_modificacion) VALUES (125,true,5,15, now(), now());
INSERT INTO produccion_academica.metadato_subtipo_produccion(id, activo, tipo_metadato_id, subtipo_produccion_id, fecha_creacion, fecha_modificacion) VALUES (126,true,2,15, now(), now());
INSERT INTO produccion_academica.metadato_subtipo_produccion(id, activo, tipo_metadato_id, subtipo_produccion_id, fecha_creacion, fecha_modificacion) VALUES (127,true,1,15, now(), now());
INSERT INTO produccion_academica.metadato_subtipo_produccion(id, activo, tipo_metadato_id, subtipo_produccion_id, fecha_creacion, fecha_modificacion) VALUES (128,true,26,15, now(), now());
INSERT INTO produccion_academica.metadato_subtipo_produccion(id, activo, tipo_metadato_id, subtipo_produccion_id, fecha_creacion, fecha_modificacion) VALUES (129,true,23,15, now(), now());
INSERT INTO produccion_academica.metadato_subtipo_produccion(id, activo, tipo_metadato_id, subtipo_produccion_id, fecha_creacion, fecha_modificacion) VALUES (130,true,24,15, now(), now());
INSERT INTO produccion_academica.metadato_subtipo_produccion(id, activo, tipo_metadato_id, subtipo_produccion_id, fecha_creacion, fecha_modificacion) VALUES (131,true,25,15, now(), now());
INSERT INTO produccion_academica.metadato_subtipo_produccion(id, activo, tipo_metadato_id, subtipo_produccion_id, fecha_creacion, fecha_modificacion) VALUES (132,true,75,15, now(), now());
INSERT INTO produccion_academica.metadato_subtipo_produccion(id, activo, tipo_metadato_id, subtipo_produccion_id, fecha_creacion, fecha_modificacion) VALUES (133,true,57,15, now(), now());
INSERT INTO produccion_academica.metadato_subtipo_produccion(id, activo, tipo_metadato_id, subtipo_produccion_id, fecha_creacion, fecha_modificacion) VALUES (134,true,39,16, now(), now());
INSERT INTO produccion_academica.metadato_subtipo_produccion(id, activo, tipo_metadato_id, subtipo_produccion_id, fecha_creacion, fecha_modificacion) VALUES (135,true,45,16, now(), now());
INSERT INTO produccion_academica.metadato_subtipo_produccion(id, activo, tipo_metadato_id, subtipo_produccion_id, fecha_creacion, fecha_modificacion) VALUES (136,true,21,16, now(), now());
INSERT INTO produccion_academica.metadato_subtipo_produccion(id, activo, tipo_metadato_id, subtipo_produccion_id, fecha_creacion, fecha_modificacion) VALUES (137,true,5,16, now(), now());
INSERT INTO produccion_academica.metadato_subtipo_produccion(id, activo, tipo_metadato_id, subtipo_produccion_id, fecha_creacion, fecha_modificacion) VALUES (138,true,2,16, now(), now());
INSERT INTO produccion_academica.metadato_subtipo_produccion(id, activo, tipo_metadato_id, subtipo_produccion_id, fecha_creacion, fecha_modificacion) VALUES (139,true,26,16, now(), now());
INSERT INTO produccion_academica.metadato_subtipo_produccion(id, activo, tipo_metadato_id, subtipo_produccion_id, fecha_creacion, fecha_modificacion) VALUES (140,true,1,16, now(), now());
INSERT INTO produccion_academica.metadato_subtipo_produccion(id, activo, tipo_metadato_id, subtipo_produccion_id, fecha_creacion, fecha_modificacion) VALUES (141,true,13,16, now(), now());
INSERT INTO produccion_academica.metadato_subtipo_produccion(id, activo, tipo_metadato_id, subtipo_produccion_id, fecha_creacion, fecha_modificacion) VALUES (142,true,14,16, now(), now());
INSERT INTO produccion_academica.metadato_subtipo_produccion(id, activo, tipo_metadato_id, subtipo_produccion_id, fecha_creacion, fecha_modificacion) VALUES (143,true,15,16, now(), now());
INSERT INTO produccion_academica.metadato_subtipo_produccion(id, activo, tipo_metadato_id, subtipo_produccion_id, fecha_creacion, fecha_modificacion) VALUES (144,true,75,16, now(), now());
INSERT INTO produccion_academica.metadato_subtipo_produccion(id, activo, tipo_metadato_id, subtipo_produccion_id, fecha_creacion, fecha_modificacion) VALUES (145,true,58,16, now(), now());
INSERT INTO produccion_academica.metadato_subtipo_produccion(id, activo, tipo_metadato_id, subtipo_produccion_id, fecha_creacion, fecha_modificacion) VALUES (146,true,57,16, now(), now());
INSERT INTO produccion_academica.metadato_subtipo_produccion(id, activo, tipo_metadato_id, subtipo_produccion_id, fecha_creacion, fecha_modificacion) VALUES (147,true,18,17, now(), now());
INSERT INTO produccion_academica.metadato_subtipo_produccion(id, activo, tipo_metadato_id, subtipo_produccion_id, fecha_creacion, fecha_modificacion) VALUES (148,true,40,17, now(), now());
INSERT INTO produccion_academica.metadato_subtipo_produccion(id, activo, tipo_metadato_id, subtipo_produccion_id, fecha_creacion, fecha_modificacion) VALUES (149,true,21,17, now(), now());
INSERT INTO produccion_academica.metadato_subtipo_produccion(id, activo, tipo_metadato_id, subtipo_produccion_id, fecha_creacion, fecha_modificacion) VALUES (150,true,59,17, now(), now());
INSERT INTO produccion_academica.metadato_subtipo_produccion(id, activo, tipo_metadato_id, subtipo_produccion_id, fecha_creacion, fecha_modificacion) VALUES (151,true,60,17, now(), now());
INSERT INTO produccion_academica.metadato_subtipo_produccion(id, activo, tipo_metadato_id, subtipo_produccion_id, fecha_creacion, fecha_modificacion) VALUES (152,true,61,17, now(), now());
INSERT INTO produccion_academica.metadato_subtipo_produccion(id, activo, tipo_metadato_id, subtipo_produccion_id, fecha_creacion, fecha_modificacion) VALUES (153,true,18,18, now(), now());
INSERT INTO produccion_academica.metadato_subtipo_produccion(id, activo, tipo_metadato_id, subtipo_produccion_id, fecha_creacion, fecha_modificacion) VALUES (154,true,40,18, now(), now());
INSERT INTO produccion_academica.metadato_subtipo_produccion(id, activo, tipo_metadato_id, subtipo_produccion_id, fecha_creacion, fecha_modificacion) VALUES (155,true,21,18, now(), now());
INSERT INTO produccion_academica.metadato_subtipo_produccion(id, activo, tipo_metadato_id, subtipo_produccion_id, fecha_creacion, fecha_modificacion) VALUES (156,true,59,18, now(), now());
INSERT INTO produccion_academica.metadato_subtipo_produccion(id, activo, tipo_metadato_id, subtipo_produccion_id, fecha_creacion, fecha_modificacion) VALUES (157,true,60,18, now(), now());
INSERT INTO produccion_academica.metadato_subtipo_produccion(id, activo, tipo_metadato_id, subtipo_produccion_id, fecha_creacion, fecha_modificacion) VALUES (158,true,61,18, now(), now());
INSERT INTO produccion_academica.metadato_subtipo_produccion(id, activo, tipo_metadato_id, subtipo_produccion_id, fecha_creacion, fecha_modificacion) VALUES (159,true,21,19, now(), now());
INSERT INTO produccion_academica.metadato_subtipo_produccion(id, activo, tipo_metadato_id, subtipo_produccion_id, fecha_creacion, fecha_modificacion) VALUES (160,true,17,19, now(), now());
INSERT INTO produccion_academica.metadato_subtipo_produccion(id, activo, tipo_metadato_id, subtipo_produccion_id, fecha_creacion, fecha_modificacion) VALUES (161,true,21,20, now(), now());
INSERT INTO produccion_academica.metadato_subtipo_produccion(id, activo, tipo_metadato_id, subtipo_produccion_id, fecha_creacion, fecha_modificacion) VALUES (162,true,17,20, now(), now());
INSERT INTO produccion_academica.metadato_subtipo_produccion(id, activo, tipo_metadato_id, subtipo_produccion_id, fecha_creacion, fecha_modificacion) VALUES (163,true,37,21, now(), now());
INSERT INTO produccion_academica.metadato_subtipo_produccion(id, activo, tipo_metadato_id, subtipo_produccion_id, fecha_creacion, fecha_modificacion) VALUES (164,true,21,21, now(), now());
INSERT INTO produccion_academica.metadato_subtipo_produccion(id, activo, tipo_metadato_id, subtipo_produccion_id, fecha_creacion, fecha_modificacion) VALUES (165,true,66,21, now(), now());
INSERT INTO produccion_academica.metadato_subtipo_produccion(id, activo, tipo_metadato_id, subtipo_produccion_id, fecha_creacion, fecha_modificacion) VALUES (166,true,37,22, now(), now());
INSERT INTO produccion_academica.metadato_subtipo_produccion(id, activo, tipo_metadato_id, subtipo_produccion_id, fecha_creacion, fecha_modificacion) VALUES (167,true,21,22, now(), now());
INSERT INTO produccion_academica.metadato_subtipo_produccion(id, activo, tipo_metadato_id, subtipo_produccion_id, fecha_creacion, fecha_modificacion) VALUES (168,true,66,22, now(), now());
INSERT INTO produccion_academica.metadato_subtipo_produccion(id, activo, tipo_metadato_id, subtipo_produccion_id, fecha_creacion, fecha_modificacion) VALUES (169,true,37,23, now(), now());
INSERT INTO produccion_academica.metadato_subtipo_produccion(id, activo, tipo_metadato_id, subtipo_produccion_id, fecha_creacion, fecha_modificacion) VALUES (170,true,21,23, now(), now());
INSERT INTO produccion_academica.metadato_subtipo_produccion(id, activo, tipo_metadato_id, subtipo_produccion_id, fecha_creacion, fecha_modificacion) VALUES (171,true,81,23, now(), now());
INSERT INTO produccion_academica.metadato_subtipo_produccion(id, activo, tipo_metadato_id, subtipo_produccion_id, fecha_creacion, fecha_modificacion) VALUES (172,true,67,23, now(), now());
INSERT INTO produccion_academica.metadato_subtipo_produccion(id, activo, tipo_metadato_id, subtipo_produccion_id, fecha_creacion, fecha_modificacion) VALUES (173,true,68,23, now(), now());
INSERT INTO produccion_academica.metadato_subtipo_produccion(id, activo, tipo_metadato_id, subtipo_produccion_id, fecha_creacion, fecha_modificacion) VALUES (174,true,69,23, now(), now());
INSERT INTO produccion_academica.metadato_subtipo_produccion(id, activo, tipo_metadato_id, subtipo_produccion_id, fecha_creacion, fecha_modificacion) VALUES (175,true,82,23, now(), now());
INSERT INTO produccion_academica.metadato_subtipo_produccion(id, activo, tipo_metadato_id, subtipo_produccion_id, fecha_creacion, fecha_modificacion) VALUES (176,true,27,24, now(), now());
INSERT INTO produccion_academica.metadato_subtipo_produccion(id, activo, tipo_metadato_id, subtipo_produccion_id, fecha_creacion, fecha_modificacion) VALUES (177,true,28,24, now(), now());
INSERT INTO produccion_academica.metadato_subtipo_produccion(id, activo, tipo_metadato_id, subtipo_produccion_id, fecha_creacion, fecha_modificacion) VALUES (178,true,29,24, now(), now());
INSERT INTO produccion_academica.metadato_subtipo_produccion(id, activo, tipo_metadato_id, subtipo_produccion_id, fecha_creacion, fecha_modificacion) VALUES (179,true,30,24, now(), now());
INSERT INTO produccion_academica.metadato_subtipo_produccion(id, activo, tipo_metadato_id, subtipo_produccion_id, fecha_creacion, fecha_modificacion) VALUES (180,true,31,24, now(), now());
INSERT INTO produccion_academica.metadato_subtipo_produccion(id, activo, tipo_metadato_id, subtipo_produccion_id, fecha_creacion, fecha_modificacion) VALUES (181,true,19,24, now(), now());
INSERT INTO produccion_academica.metadato_subtipo_produccion(id, activo, tipo_metadato_id, subtipo_produccion_id, fecha_creacion, fecha_modificacion) VALUES (182,true,41,24, now(), now());
INSERT INTO produccion_academica.metadato_subtipo_produccion(id, activo, tipo_metadato_id, subtipo_produccion_id, fecha_creacion, fecha_modificacion) VALUES (183,true,21,24, now(), now());
INSERT INTO produccion_academica.metadato_subtipo_produccion(id, activo, tipo_metadato_id, subtipo_produccion_id, fecha_creacion, fecha_modificacion) VALUES (184,true,33,24, now(), now());
INSERT INTO produccion_academica.metadato_subtipo_produccion(id, activo, tipo_metadato_id, subtipo_produccion_id, fecha_creacion, fecha_modificacion) VALUES (185,true,62,24, now(), now());
INSERT INTO produccion_academica.metadato_subtipo_produccion(id, activo, tipo_metadato_id, subtipo_produccion_id, fecha_creacion, fecha_modificacion) VALUES (186,true,43,24, now(), now());
INSERT INTO produccion_academica.metadato_subtipo_produccion(id, activo, tipo_metadato_id, subtipo_produccion_id, fecha_creacion, fecha_modificacion) VALUES (187,true,63,24, now(), now());
INSERT INTO produccion_academica.metadato_subtipo_produccion(id, activo, tipo_metadato_id, subtipo_produccion_id, fecha_creacion, fecha_modificacion) VALUES (188,true,49,24, now(), now());
INSERT INTO produccion_academica.metadato_subtipo_produccion(id, activo, tipo_metadato_id, subtipo_produccion_id, fecha_creacion, fecha_modificacion) VALUES (189,true,64,24, now(), now());
INSERT INTO produccion_academica.metadato_subtipo_produccion(id, activo, tipo_metadato_id, subtipo_produccion_id, fecha_creacion, fecha_modificacion) VALUES (190,true,80,24, now(), now());
INSERT INTO produccion_academica.metadato_subtipo_produccion(id, activo, tipo_metadato_id, subtipo_produccion_id, fecha_creacion, fecha_modificacion) VALUES (191,true,27,25, now(), now());
INSERT INTO produccion_academica.metadato_subtipo_produccion(id, activo, tipo_metadato_id, subtipo_produccion_id, fecha_creacion, fecha_modificacion) VALUES (192,true,28,25, now(), now());
INSERT INTO produccion_academica.metadato_subtipo_produccion(id, activo, tipo_metadato_id, subtipo_produccion_id, fecha_creacion, fecha_modificacion) VALUES (193,true,29,25, now(), now());
INSERT INTO produccion_academica.metadato_subtipo_produccion(id, activo, tipo_metadato_id, subtipo_produccion_id, fecha_creacion, fecha_modificacion) VALUES (194,true,30,25, now(), now());
INSERT INTO produccion_academica.metadato_subtipo_produccion(id, activo, tipo_metadato_id, subtipo_produccion_id, fecha_creacion, fecha_modificacion) VALUES (195,true,31,25, now(), now());
INSERT INTO produccion_academica.metadato_subtipo_produccion(id, activo, tipo_metadato_id, subtipo_produccion_id, fecha_creacion, fecha_modificacion) VALUES (196,true,19,25, now(), now());
INSERT INTO produccion_academica.metadato_subtipo_produccion(id, activo, tipo_metadato_id, subtipo_produccion_id, fecha_creacion, fecha_modificacion) VALUES (197,true,41,25, now(), now());
INSERT INTO produccion_academica.metadato_subtipo_produccion(id, activo, tipo_metadato_id, subtipo_produccion_id, fecha_creacion, fecha_modificacion) VALUES (198,true,21,25, now(), now());
INSERT INTO produccion_academica.metadato_subtipo_produccion(id, activo, tipo_metadato_id, subtipo_produccion_id, fecha_creacion, fecha_modificacion) VALUES (199,true,33,25, now(), now());
INSERT INTO produccion_academica.metadato_subtipo_produccion(id, activo, tipo_metadato_id, subtipo_produccion_id, fecha_creacion, fecha_modificacion) VALUES (200,true,62,25, now(), now());
INSERT INTO produccion_academica.metadato_subtipo_produccion(id, activo, tipo_metadato_id, subtipo_produccion_id, fecha_creacion, fecha_modificacion) VALUES (201,true,43,25, now(), now());
INSERT INTO produccion_academica.metadato_subtipo_produccion(id, activo, tipo_metadato_id, subtipo_produccion_id, fecha_creacion, fecha_modificacion) VALUES (202,true,64,25, now(), now());
INSERT INTO produccion_academica.metadato_subtipo_produccion(id, activo, tipo_metadato_id, subtipo_produccion_id, fecha_creacion, fecha_modificacion) VALUES (203,true,49,25, now(), now());
INSERT INTO produccion_academica.metadato_subtipo_produccion(id, activo, tipo_metadato_id, subtipo_produccion_id, fecha_creacion, fecha_modificacion) VALUES (204,true,80,25, now(), now());
INSERT INTO produccion_academica.metadato_subtipo_produccion(id, activo, tipo_metadato_id, subtipo_produccion_id, fecha_creacion, fecha_modificacion) VALUES (205,true,43,26, now(), now());
INSERT INTO produccion_academica.metadato_subtipo_produccion(id, activo, tipo_metadato_id, subtipo_produccion_id, fecha_creacion, fecha_modificacion) VALUES (206,true,28,26, now(), now());
INSERT INTO produccion_academica.metadato_subtipo_produccion(id, activo, tipo_metadato_id, subtipo_produccion_id, fecha_creacion, fecha_modificacion) VALUES (207,true,29,26, now(), now());
INSERT INTO produccion_academica.metadato_subtipo_produccion(id, activo, tipo_metadato_id, subtipo_produccion_id, fecha_creacion, fecha_modificacion) VALUES (208,true,30,26, now(), now());
INSERT INTO produccion_academica.metadato_subtipo_produccion(id, activo, tipo_metadato_id, subtipo_produccion_id, fecha_creacion, fecha_modificacion) VALUES (209,true,31,26, now(), now());
INSERT INTO produccion_academica.metadato_subtipo_produccion(id, activo, tipo_metadato_id, subtipo_produccion_id, fecha_creacion, fecha_modificacion) VALUES (210,true,19,26, now(), now());
INSERT INTO produccion_academica.metadato_subtipo_produccion(id, activo, tipo_metadato_id, subtipo_produccion_id, fecha_creacion, fecha_modificacion) VALUES (211,true,42,26, now(), now());
INSERT INTO produccion_academica.metadato_subtipo_produccion(id, activo, tipo_metadato_id, subtipo_produccion_id, fecha_creacion, fecha_modificacion) VALUES (212,true,21,26, now(), now());
INSERT INTO produccion_academica.metadato_subtipo_produccion(id, activo, tipo_metadato_id, subtipo_produccion_id, fecha_creacion, fecha_modificacion) VALUES (213,true,33,26, now(), now());
INSERT INTO produccion_academica.metadato_subtipo_produccion(id, activo, tipo_metadato_id, subtipo_produccion_id, fecha_creacion, fecha_modificacion) VALUES (214,true,62,26, now(), now());
INSERT INTO produccion_academica.metadato_subtipo_produccion(id, activo, tipo_metadato_id, subtipo_produccion_id, fecha_creacion, fecha_modificacion) VALUES (215,true,64,26, now(), now());
INSERT INTO produccion_academica.metadato_subtipo_produccion(id, activo, tipo_metadato_id, subtipo_produccion_id, fecha_creacion, fecha_modificacion) VALUES (216,true,65,26, now(), now());
INSERT INTO produccion_academica.metadato_subtipo_produccion(id, activo, tipo_metadato_id, subtipo_produccion_id, fecha_creacion, fecha_modificacion) VALUES (217,true,49,26, now(), now());
INSERT INTO produccion_academica.metadato_subtipo_produccion(id, activo, tipo_metadato_id, subtipo_produccion_id, fecha_creacion, fecha_modificacion) VALUES (218,true,63,26, now(), now());
INSERT INTO produccion_academica.metadato_subtipo_produccion(id, activo, tipo_metadato_id, subtipo_produccion_id, fecha_creacion, fecha_modificacion) VALUES (219,true,80,26, now(), now());
INSERT INTO produccion_academica.metadato_subtipo_produccion(id, activo, tipo_metadato_id, subtipo_produccion_id, fecha_creacion, fecha_modificacion) VALUES (220,true,43,27, now(), now());
INSERT INTO produccion_academica.metadato_subtipo_produccion(id, activo, tipo_metadato_id, subtipo_produccion_id, fecha_creacion, fecha_modificacion) VALUES (221,true,28,27, now(), now());
INSERT INTO produccion_academica.metadato_subtipo_produccion(id, activo, tipo_metadato_id, subtipo_produccion_id, fecha_creacion, fecha_modificacion) VALUES (222,true,29,27, now(), now());
INSERT INTO produccion_academica.metadato_subtipo_produccion(id, activo, tipo_metadato_id, subtipo_produccion_id, fecha_creacion, fecha_modificacion) VALUES (223,true,30,27, now(), now());
INSERT INTO produccion_academica.metadato_subtipo_produccion(id, activo, tipo_metadato_id, subtipo_produccion_id, fecha_creacion, fecha_modificacion) VALUES (224,true,31,27, now(), now());
INSERT INTO produccion_academica.metadato_subtipo_produccion(id, activo, tipo_metadato_id, subtipo_produccion_id, fecha_creacion, fecha_modificacion) VALUES (225,true,19,27, now(), now());
INSERT INTO produccion_academica.metadato_subtipo_produccion(id, activo, tipo_metadato_id, subtipo_produccion_id, fecha_creacion, fecha_modificacion) VALUES (226,true,42,27, now(), now());
INSERT INTO produccion_academica.metadato_subtipo_produccion(id, activo, tipo_metadato_id, subtipo_produccion_id, fecha_creacion, fecha_modificacion) VALUES (227,true,21,27, now(), now());
INSERT INTO produccion_academica.metadato_subtipo_produccion(id, activo, tipo_metadato_id, subtipo_produccion_id, fecha_creacion, fecha_modificacion) VALUES (228,true,33,27, now(), now());
INSERT INTO produccion_academica.metadato_subtipo_produccion(id, activo, tipo_metadato_id, subtipo_produccion_id, fecha_creacion, fecha_modificacion) VALUES (229,true,62,27, now(), now());
INSERT INTO produccion_academica.metadato_subtipo_produccion(id, activo, tipo_metadato_id, subtipo_produccion_id, fecha_creacion, fecha_modificacion) VALUES (230,true,64,27, now(), now());
INSERT INTO produccion_academica.metadato_subtipo_produccion(id, activo, tipo_metadato_id, subtipo_produccion_id, fecha_creacion, fecha_modificacion) VALUES (231,true,65,27, now(), now());
INSERT INTO produccion_academica.metadato_subtipo_produccion(id, activo, tipo_metadato_id, subtipo_produccion_id, fecha_creacion, fecha_modificacion) VALUES (232,true,49,27, now(), now());
INSERT INTO produccion_academica.metadato_subtipo_produccion(id, activo, tipo_metadato_id, subtipo_produccion_id, fecha_creacion, fecha_modificacion) VALUES (233,true,80,27, now(), now());
INSERT INTO produccion_academica.metadato_subtipo_produccion(id, activo, tipo_metadato_id, subtipo_produccion_id, fecha_creacion, fecha_modificacion) VALUES (234,true,43,28, now(), now());
INSERT INTO produccion_academica.metadato_subtipo_produccion(id, activo, tipo_metadato_id, subtipo_produccion_id, fecha_creacion, fecha_modificacion) VALUES (235,true,21,28, now(), now());
INSERT INTO produccion_academica.metadato_subtipo_produccion(id, activo, tipo_metadato_id, subtipo_produccion_id, fecha_creacion, fecha_modificacion) VALUES (236,true,19,28, now(), now());
INSERT INTO produccion_academica.metadato_subtipo_produccion(id, activo, tipo_metadato_id, subtipo_produccion_id, fecha_creacion, fecha_modificacion) VALUES (237,true,34,28, now(), now());
INSERT INTO produccion_academica.metadato_subtipo_produccion(id, activo, tipo_metadato_id, subtipo_produccion_id, fecha_creacion, fecha_modificacion) VALUES (238,true,70,28, now(), now());
INSERT INTO produccion_academica.metadato_subtipo_produccion(id, activo, tipo_metadato_id, subtipo_produccion_id, fecha_creacion, fecha_modificacion) VALUES (239,true,71,28, now(), now());
INSERT INTO produccion_academica.metadato_subtipo_produccion(id, activo, tipo_metadato_id, subtipo_produccion_id, fecha_creacion, fecha_modificacion) VALUES (240,true,21,29, now(), now());
INSERT INTO produccion_academica.metadato_subtipo_produccion(id, activo, tipo_metadato_id, subtipo_produccion_id, fecha_creacion, fecha_modificacion) VALUES (241,true,22,29, now(), now());
INSERT INTO produccion_academica.metadato_subtipo_produccion(id, activo, tipo_metadato_id, subtipo_produccion_id, fecha_creacion, fecha_modificacion) VALUES (242,true,7,29, now(), now());
INSERT INTO produccion_academica.metadato_subtipo_produccion(id, activo, tipo_metadato_id, subtipo_produccion_id, fecha_creacion, fecha_modificacion) VALUES (243,true,8,29, now(), now());
INSERT INTO produccion_academica.metadato_subtipo_produccion(id, activo, tipo_metadato_id, subtipo_produccion_id, fecha_creacion, fecha_modificacion) VALUES (244,true,1,29, now(), now());
INSERT INTO produccion_academica.metadato_subtipo_produccion(id, activo, tipo_metadato_id, subtipo_produccion_id, fecha_creacion, fecha_modificacion) VALUES (245,true,32,29, now(), now());
INSERT INTO produccion_academica.metadato_subtipo_produccion(id, activo, tipo_metadato_id, subtipo_produccion_id, fecha_creacion, fecha_modificacion) VALUES (246,true,72,29, now(), now());
INSERT INTO produccion_academica.metadato_subtipo_produccion(id, activo, tipo_metadato_id, subtipo_produccion_id, fecha_creacion, fecha_modificacion) VALUES (247,true,21,30, now(), now());
INSERT INTO produccion_academica.metadato_subtipo_produccion(id, activo, tipo_metadato_id, subtipo_produccion_id, fecha_creacion, fecha_modificacion) VALUES (248,true,2,30, now(), now());
INSERT INTO produccion_academica.metadato_subtipo_produccion(id, activo, tipo_metadato_id, subtipo_produccion_id, fecha_creacion, fecha_modificacion) VALUES (249,true,6,30, now(), now());
INSERT INTO produccion_academica.metadato_subtipo_produccion(id, activo, tipo_metadato_id, subtipo_produccion_id, fecha_creacion, fecha_modificacion) VALUES (250,true,1,30, now(), now());
INSERT INTO produccion_academica.metadato_subtipo_produccion(id, activo, tipo_metadato_id, subtipo_produccion_id, fecha_creacion, fecha_modificacion) VALUES (251,true,72,30, now(), now());
INSERT INTO produccion_academica.metadato_subtipo_produccion(id, activo, tipo_metadato_id, subtipo_produccion_id, fecha_creacion, fecha_modificacion) VALUES (252,true,7,31, now(), now());
INSERT INTO produccion_academica.metadato_subtipo_produccion(id, activo, tipo_metadato_id, subtipo_produccion_id, fecha_creacion, fecha_modificacion) VALUES (253,true,21,31, now(), now());
INSERT INTO produccion_academica.metadato_subtipo_produccion(id, activo, tipo_metadato_id, subtipo_produccion_id, fecha_creacion, fecha_modificacion) VALUES (254,true,73,31, now(), now());
INSERT INTO produccion_academica.metadato_subtipo_produccion(id, activo, tipo_metadato_id, subtipo_produccion_id, fecha_creacion, fecha_modificacion) VALUES (255,true,18,32, now(), now());
INSERT INTO produccion_academica.metadato_subtipo_produccion(id, activo, tipo_metadato_id, subtipo_produccion_id, fecha_creacion, fecha_modificacion) VALUES (256,true,19,32, now(), now());
INSERT INTO produccion_academica.metadato_subtipo_produccion(id, activo, tipo_metadato_id, subtipo_produccion_id, fecha_creacion, fecha_modificacion) VALUES (257,true,35,32, now(), now());
INSERT INTO produccion_academica.metadato_subtipo_produccion(id, activo, tipo_metadato_id, subtipo_produccion_id, fecha_creacion, fecha_modificacion) VALUES (258,true,50,32, now(), now());
INSERT INTO produccion_academica.metadato_subtipo_produccion(id, activo, tipo_metadato_id, subtipo_produccion_id, fecha_creacion, fecha_modificacion) VALUES (259,true,7,33, now(), now());
INSERT INTO produccion_academica.metadato_subtipo_produccion(id, activo, tipo_metadato_id, subtipo_produccion_id, fecha_creacion, fecha_modificacion) VALUES (260,true,21,33, now(), now());
INSERT INTO produccion_academica.metadato_subtipo_produccion(id, activo, tipo_metadato_id, subtipo_produccion_id, fecha_creacion, fecha_modificacion) VALUES (261,true,13,33, now(), now());
INSERT INTO produccion_academica.metadato_subtipo_produccion(id, activo, tipo_metadato_id, subtipo_produccion_id, fecha_creacion, fecha_modificacion) VALUES (262,true,14,33, now(), now());
INSERT INTO produccion_academica.metadato_subtipo_produccion(id, activo, tipo_metadato_id, subtipo_produccion_id, fecha_creacion, fecha_modificacion) VALUES (263,true,15,33, now(), now());
INSERT INTO produccion_academica.metadato_subtipo_produccion(id, activo, tipo_metadato_id, subtipo_produccion_id, fecha_creacion, fecha_modificacion) VALUES (264,true,32,33, now(), now());
INSERT INTO produccion_academica.metadato_subtipo_produccion(id, activo, tipo_metadato_id, subtipo_produccion_id, fecha_creacion, fecha_modificacion) VALUES (265,true,58,33, now(), now());
INSERT INTO produccion_academica.metadato_subtipo_produccion(id, activo, tipo_metadato_id, subtipo_produccion_id, fecha_creacion, fecha_modificacion) VALUES (266,true,55,33, now(), now());
INSERT INTO produccion_academica.metadato_subtipo_produccion(id, activo, tipo_metadato_id, subtipo_produccion_id, fecha_creacion, fecha_modificacion) VALUES (267,true,44,34, now(), now());
INSERT INTO produccion_academica.metadato_subtipo_produccion(id, activo, tipo_metadato_id, subtipo_produccion_id, fecha_creacion, fecha_modificacion) VALUES (268,true,36,34, now(), now());
INSERT INTO produccion_academica.metadato_subtipo_produccion(id, activo, tipo_metadato_id, subtipo_produccion_id, fecha_creacion, fecha_modificacion) VALUES (269,true,74,34, now(), now());
INSERT INTO produccion_academica.metadato_subtipo_produccion(id, activo, tipo_metadato_id, subtipo_produccion_id, fecha_creacion, fecha_modificacion) VALUES (270,true,44,35, now(), now());
INSERT INTO produccion_academica.metadato_subtipo_produccion(id, activo, tipo_metadato_id, subtipo_produccion_id, fecha_creacion, fecha_modificacion) VALUES (271,true,36,35, now(), now());
INSERT INTO produccion_academica.metadato_subtipo_produccion(id, activo, tipo_metadato_id, subtipo_produccion_id, fecha_creacion, fecha_modificacion) VALUES (272,true,74,35, now(), now());